"id_invoice","id_distributor","id_cabang","cabang_sales","tanggal","bulan","id_customer","company_name","id_barang","produk","kemasan","jumlah_barang","harga","total","kode_brand","brand","brand_id","id_group","group_market"
IN5997,TD,CAB01,Aceh,"2022-01-20",January,CUST55380,APOTEK TAPAK,BRG0001,ACYCLOVIR DUS,DUS,1,1169.91,1169.91,"206",OGB & PH,BRND001,Z32,Apotek
IN6297,TD,CAB01,Kuningan,"2022-01-20",January,CUST55381,APOTEK MAJA,BRG0002,ALERGINE TABLET SALUT,DUS,5,2337.5,11687.5,"203",ETIKAL,BRND002,Z32,Apotek
IN6155,TA,CAB02,Jakarta,"2022-01-21",January,CUST55382,KLINIK GM,BRG0003,AMPICILLIN,BOTOL,9,10690.6,96215.4,"210",MARCKS,BRND003,Z31,Klinik
IN6144,EPM,CAB03,Bandung,"2022-01-22",January,CUST55383,APOTEK MERDEKA,BRG0004,TRAMADOL KAPSUL 50 MG,KAPSUL,13,8700.7,113109.1,"201",VNS,BRND004,Z32,Apotek
IN6280,TD,CAB04,Tangerang,"2022-01-23",January,CUST55384,KLINIK SAHABAT,BRG0005,KLORPROMAZINA TABLET SALUT SELAPUT 100 MG,TABLET,1,5648.3,5648.3,"203",SLCYL,BRND005,Z31,Klinik
IN6052,TA,CAB05,Bekasi,"2022-01-23",January,CUST55385,APOTEK SINAR JAYA,BRG0006,KETOCONAZOLE TABLET 200 MG,TABLET,5,2819.2,14096.0,"205",OGB & PH,BRND006,Z32,Apotek
IN6089,EPM,CAB06,Padang,"2022-01-25",January,CUST55386,APOTEK SAHABAT,BRG0007,ERGOTAMINE COFFEINE,BOTOL,9,4592.1,41328.9,"206",ETIKAL,BRND007,Z32,Apotek
IN6251,TD,CAB07,Aceh,"2022-01-23",January,CUST55387,APOTEK TAPAK,BRG0008,TETRACYCLINE KAPSUL 250 MG,KAPSUL,1,3991.9,3991.9,"204",MARCKS,BRND008,Z32,Apotek
IN6036,TA,CAB08,Kuningan,"2022-01-27",January,CUST55388,APOTEK MAJA,BRG0009,AMBROXOL HC,BOTOL,23,5780.7,132956.1,"207",VNS,BRND009,Z32,Apotek
IN6029,EPM,CAB09,Jakarta,"2022-01-28",January,CUST55389,KLINIK GM,BRG0010,PARACETAMOL,BOTOL,4,6940.3,27761.2,"208",SLCYL,BRND010,Z31,Klinik
IN6190,TD,CAB10,Bandung,"2022-01-23",January,CUST55390,APOTEK MERDEKA,BRG0001,ACYCLOVIR DUS,DUS,2,1169.91,2339.82,"206",OGB & PH,BRND001,Z32,Apotek
IN6287,TD,CAB01,Tangerang,"2022-01-30",January,CUST55391,KLINIK SAHABAT,BRG0002,ALERGINE TABLET SALUT,DUS,17,2337.5,39737.5,"203",ETIKAL,BRND002,Z31,Klinik
IN6102,TA,CAB01,Bekasi,"2022-01-31",January,CUST55392,APOTEK SINAR JAYA,BRG0003,AMPICILLIN,BOTOL,11,10690.6,117596.6,"210",MARCKS,BRND003,Z32,Apotek
IN6301,EPM,CAB02,Padang,"2022-01-02",January,CUST55393,APOTEK SAHABAT,BRG0004,TRAMADOL KAPSUL 50 MG,KAPSUL,12,8700.7,104408.4,"201",VNS,BRND004,Z32,Apotek
IN6024,TD,CAB03,Lampung,"2022-01-27",January,CUST55394,KLINIK DR. ANDRI,BRG0005,KLORPROMAZINA TABLET SALUT SELAPUT 100 MG,TABLET,12,5648.3,67779.6,"203",SLCYL,BRND005,Z31,Klinik
IN6184,TA,CAB04,Aceh,"2022-01-28",January,CUST55395,APOTEK TAPAK,BRG0006,KETOCONAZOLE TABLET 200 MG,TABLET,25,2819.2,70480.0,"205",OGB & PH,BRND006,Z32,Apotek
IN6307,EPM,CAB05,Kuningan,"2022-01-23",January,CUST55396,APOTEK MAJA,BRG0007,ERGOTAMINE COFFEINE,BOTOL,14,4592.1,64289.4,"206",ETIKAL,BRND007,Z32,Apotek
IN6245,TD,CAB06,Jakarta,"2022-01-30",January,CUST55397,KLINIK GM,BRG0008,TETRACYCLINE KAPSUL 250 MG,KAPSUL,34,3991.9,135724.6,"204",MARCKS,BRND008,Z31,Klinik
IN6195,TA,CAB07,Bandung,"2022-01-31",January,CUST55398,APOTEK MERDEKA,BRG0009,AMBROXOL HC,BOTOL,67,5780.7,387306.91,"207",VNS,BRND009,Z32,Apotek
IN6023,EPM,CAB08,Tangerang,"2022-01-02",January,CUST55399,KLINIK SAHABAT,BRG0010,PARACETAMOL,BOTOL,15,6940.3,104104.5,"208",SLCYL,BRND010,Z31,Klinik
IN6113,TD,CAB09,Bekasi,"2022-01-27",January,CUST55400,APOTEK SINAR JAYA,BRG0001,ACYCLOVIR DUS,DUS,12,1169.91,14038.92,"206",OGB & PH,BRND001,Z32,Apotek
IN6141,TD,CAB10,Padang,"2022-01-28",January,CUST55401,APOTEK SAHABAT,BRG0002,ALERGINE TABLET SALUT,DUS,25,2337.5,58437.5,"203",ETIKAL,BRND002,Z32,Apotek
IN6125,TA,CAB01,Aceh,"2022-01-23",January,CUST55402,APOTEK TAPAK,BRG0003,AMPICILLIN,BOTOL,14,10690.6,149668.39,"210",MARCKS,BRND003,Z32,Apotek
IN6176,EPM,CAB01,Kuningan,"2022-01-30",January,CUST55403,APOTEK MAJA,BRG0004,TRAMADOL KAPSUL 50 MG,KAPSUL,18,8700.7,156612.6,"201",VNS,BRND004,Z32,Apotek
IN6175,TD,CAB02,Jakarta,"2022-01-31",January,CUST55404,KLINIK GM,BRG0005,KLORPROMAZINA TABLET SALUT SELAPUT 100 MG,TABLET,18,5648.3,101669.4,"203",SLCYL,BRND005,Z31,Klinik
IN6259,TA,CAB03,Bandung,"2022-01-02",January,CUST55405,APOTEK MERDEKA,BRG0006,KETOCONAZOLE TABLET 200 MG,TABLET,19,2819.2,53564.8,"205",OGB & PH,BRND006,Z32,Apotek
IN6173,EPM,CAB01,Tangerang,"2022-01-27",January,CUST55406,KLINIK SAHABAT,BRG0001,ACYCLOVIR DUS,DUS,12,4592.1,55105.2,"206",ETIKAL,BRND007,Z31,Klinik
IN6013,TD,CAB01,Bekasi,"2022-01-28",January,CUST55407,APOTEK SINAR JAYA,BRG0002,ALERGINE TABLET SALUT,DUS,25,3991.9,99797.5,"203",MARCKS,BRND008,Z32,Apotek
IN6086,TD,CAB02,Padang,"2022-01-23",January,CUST55408,APOTEK SAHABAT,BRG0003,AMPICILLIN,BOTOL,14,5780.7,80929.8,"210",VNS,BRND009,Z32,Apotek
IN6108,TA,CAB03,Lampung,"2022-01-30",January,CUST55409,KLINIK DR. ANDRI,BRG0004,TRAMADOL KAPSUL 50 MG,KAPSUL,21,6940.3,145746.3,"201",SLCYL,BRND010,Z31,Klinik
IN6321,EPM,CAB04,Aceh,"2022-01-31",January,CUST55410,APOTEK TAPAK,BRG0001,ACYCLOVIR DUS,DUS,22,1169.91,25738.02,"206",OGB & PH,BRND001,Z32,Apotek
IN5994,TD,CAB05,Kuningan,"2022-01-02",January,CUST55411,APOTEK MAJA,BRG0002,ALERGINE TABLET SALUT,DUS,12,2337.5,28050.0,"203",ETIKAL,BRND002,Z32,Apotek
IN6146,TA,CAB06,Jakarta,"2022-01-27",January,CUST55412,KLINIK GM,BRG0003,AMPICILLIN,BOTOL,25,10690.6,267264.99,"210",MARCKS,BRND003,Z31,Klinik
IN6230,EPM,CAB07,Bandung,"2022-01-28",January,CUST55413,APOTEK MERDEKA,BRG0004,TRAMADOL KAPSUL 50 MG,KAPSUL,14,8700.7,121809.8,"201",VNS,BRND004,Z32,Apotek
IN5991,TD,CAB08,Tangerang,"2022-01-23",January,CUST55414,KLINIK SAHABAT,BRG0005,KLORPROMAZINA TABLET SALUT SELAPUT 100 MG,TABLET,24,5648.3,135559.2,"203",SLCYL,BRND005,Z31,Klinik
IN6281,TA,CAB09,Bekasi,"2022-01-30",January,CUST55415,APOTEK SINAR JAYA,BRG0006,KETOCONAZOLE TABLET 200 MG,TABLET,10,2819.2,28192.0,"205",OGB & PH,BRND006,Z32,Apotek
IN6226,EPM,CAB10,Padang,"2022-01-31",January,CUST55416,APOTEK SAHABAT,BRG0007,ERGOTAMINE COFFEINE,BOTOL,23,4592.1,105618.3,"206",ETIKAL,BRND007,Z32,Apotek
IN6063,TD,CAB01,Aceh,"2022-01-02",January,CUST55417,APOTEK TAPAK,BRG0008,TETRACYCLINE KAPSUL 250 MG,KAPSUL,12,3991.9,47902.8,"204",MARCKS,BRND008,Z32,Apotek
IN6131,TD,CAB01,Kuningan,"2022-01-27",January,CUST55418,APOTEK MAJA,BRG0009,AMBROXOL HC,BOTOL,10,5780.7,57807.0,"207",VNS,BRND009,Z32,Apotek
IN6262,TA,CAB02,Jakarta,"2022-01-28",January,CUST55419,KLINIK GM,BRG0010,PARACETAMOL,BOTOL,67,6940.3,465000.09,"208",SLCYL,BRND010,Z31,Klinik
IN6028,EPM,CAB03,Bandung,"2022-01-23",January,CUST55420,APOTEK MERDEKA,BRG0001,ACYCLOVIR DUS,DUS,98,1169.91,114651.18,"206",OGB & PH,BRND001,Z32,Apotek
IN6163,TD,CAB01,Tangerang,"2022-01-30",January,CUST55421,KLINIK SAHABAT,BRG0002,ALERGINE TABLET SALUT,DUS,5,2337.5,11687.5,"203",ETIKAL,BRND002,Z31,Klinik
IN6191,TA,CAB01,Bekasi,"2022-01-31",January,CUST55422,APOTEK SINAR JAYA,BRG0003,AMPICILLIN,BOTOL,4,10690.6,42762.4,"210",MARCKS,BRND003,Z32,Apotek
IN6274,EPM,CAB02,Padang,"2022-01-02",January,CUST55423,APOTEK SAHABAT,BRG0004,TRAMADOL KAPSUL 50 MG,KAPSUL,8,8700.7,69605.6,"201",VNS,BRND004,Z32,Apotek
IN6003,TD,CAB03,Lampung,"2022-01-27",January,CUST55424,KLINIK DR. ANDRI,BRG0005,KLORPROMAZINA TABLET SALUT SELAPUT 100 MG,TABLET,9,5648.3,50834.7,"203",SLCYL,BRND005,Z31,Klinik
IN6247,TA,CAB04,Aceh,"2022-01-28",January,CUST55425,APOTEK TAPAK,BRG0006,KETOCONAZOLE TABLET 200 MG,TABLET,10,2819.2,28192.0,"205",OGB & PH,BRND006,Z32,Apotek
IN6311,EPM,CAB05,Kuningan,"2022-01-23",January,CUST55426,APOTEK MAJA,BRG0007,ERGOTAMINE COFFEINE,BOTOL,7,4592.1,32144.7,"206",ETIKAL,BRND007,Z32,Apotek
IN6248,TD,CAB06,Jakarta,"2022-01-30",January,CUST55427,KLINIK GM,BRG0008,TETRACYCLINE KAPSUL 250 MG,KAPSUL,100,3991.9,399189.99,"204",MARCKS,BRND008,Z31,Klinik
IN6042,TD,CAB07,Bandung,"2022-01-31",January,CUST55428,APOTEK MERDEKA,BRG0009,AMBROXOL HC,BOTOL,67,5780.7,387306.91,"207",VNS,BRND009,Z32,Apotek
IN6133,TA,CAB08,Tangerang,"2022-01-02",January,CUST55429,KLINIK SAHABAT,BRG0010,PARACETAMOL,BOTOL,78,6940.3,541343.38,"208",SLCYL,BRND010,Z31,Klinik
IN6306,EPM,CAB09,Bekasi,"2022-01-27",January,CUST55430,APOTEK SINAR JAYA,BRG0001,ACYCLOVIR DUS,DUS,45,1169.91,52645.95,"206",OGB & PH,BRND001,Z32,Apotek
IN6253,TD,CAB10,Padang,"2022-01-28",January,CUST55431,APOTEK SAHABAT,BRG0002,ALERGINE TABLET SALUT,DUS,34,2337.5,79475.0,"203",ETIKAL,BRND002,Z32,Apotek
IN5980,TA,CAB01,Aceh,"2022-01-23",January,CUST55432,APOTEK TAPAK,BRG0003,AMPICILLIN,BOTOL,20,10690.6,213811.99,"210",MARCKS,BRND003,Z32,Apotek
IN6104,EPM,CAB01,Kuningan,"2022-01-30",January,CUST55433,APOTEK MAJA,BRG0004,TRAMADOL KAPSUL 50 MG,KAPSUL,45,8700.7,391531.51,"201",VNS,BRND004,Z32,Apotek
IN6050,TD,CAB02,Jakarta,"2022-01-31",January,CUST55434,KLINIK GM,BRG0005,KLORPROMAZINA TABLET SALUT SELAPUT 100 MG,TABLET,34,5648.3,192042.19,"203",SLCYL,BRND005,Z31,Klinik
IN6054,TD,CAB03,Bandung,"2022-01-02",January,CUST55435,APOTEK MERDEKA,BRG0006,KETOCONAZOLE TABLET 200 MG,TABLET,34,2819.2,95852.8,"205",OGB & PH,BRND006,Z32,Apotek
IN6219,TA,CAB01,Tangerang,"2022-01-27",January,CUST55436,KLINIK SAHABAT,BRG0001,ACYCLOVIR DUS,DUS,34,4592.1,156131.4,"206",ETIKAL,BRND007,Z31,Klinik
IN6053,EPM,CAB01,Bekasi,"2022-01-28",January,CUST55437,APOTEK SINAR JAYA,BRG0002,ALERGINE TABLET SALUT,DUS,44,3991.9,175643.6,"203",MARCKS,BRND008,Z32,Apotek
IN6217,TD,CAB02,Padang,"2022-01-23",January,CUST55438,APOTEK SAHABAT,BRG0003,AMPICILLIN,BOTOL,5,5780.7,28903.5,"210",VNS,BRND009,Z32,Apotek
IN6323,TA,CAB03,Lampung,"2022-01-30",January,CUST55439,KLINIK DR. ANDRI,BRG0004,TRAMADOL KAPSUL 50 MG,KAPSUL,6,6940.3,41641.8,"201",SLCYL,BRND010,Z31,Klinik
IN6241,EPM,CAB04,Aceh,"2022-01-31",January,CUST55440,APOTEK TAPAK,BRG0001,ACYCLOVIR DUS,DUS,79,1169.91,92422.89,"206",OGB & PH,BRND001,Z32,Apotek
IN6134,TD,CAB05,Kuningan,"2022-01-02",January,CUST55441,APOTEK MAJA,BRG0002,ALERGINE TABLET SALUT,DUS,12,2337.5,28050.0,"203",ETIKAL,BRND002,Z32,Apotek
IN6124,TA,CAB06,Jakarta,"2022-01-27",January,CUST55442,KLINIK GM,BRG0003,AMPICILLIN,BOTOL,95,10690.6,1015606.96,"210",MARCKS,BRND003,Z31,Klinik
IN5981,EPM,CAB07,Bandung,"2022-01-28",January,CUST55443,APOTEK MERDEKA,BRG0004,TRAMADOL KAPSUL 50 MG,KAPSUL,76,8700.7,661253.21,"201",VNS,BRND004,Z32,Apotek
IN6220,TD,CAB08,Tangerang,"2022-01-23",January,CUST55444,KLINIK SAHABAT,BRG0005,KLORPROMAZINA TABLET SALUT SELAPUT 100 MG,TABLET,48,5648.3,271118.39,"203",SLCYL,BRND005,Z31,Klinik
IN6122,TD,CAB09,Bekasi,"2022-01-30",January,CUST55445,APOTEK SINAR JAYA,BRG0006,KETOCONAZOLE TABLET 200 MG,TABLET,21,2819.2,59203.2,"205",OGB & PH,BRND006,Z32,Apotek
IN6255,TA,CAB10,Padang,"2022-01-31",January,CUST55446,APOTEK SAHABAT,BRG0007,ERGOTAMINE COFFEINE,BOTOL,22,4592.1,101026.2,"206",ETIKAL,BRND007,Z32,Apotek
IN6005,EPM,CAB01,Aceh,"2022-01-02",January,CUST55447,APOTEK TAPAK,BRG0008,TETRACYCLINE KAPSUL 250 MG,KAPSUL,12,3991.9,47902.8,"204",MARCKS,BRND008,Z32,Apotek
IN6327,TD,CAB01,Kuningan,"2022-01-27",January,CUST55448,APOTEK MAJA,BRG0009,AMBROXOL HC,BOTOL,25,5780.7,144517.5,"207",VNS,BRND009,Z32,Apotek
IN6119,TA,CAB02,Jakarta,"2022-01-28",January,CUST55449,KLINIK GM,BRG0010,PARACETAMOL,BOTOL,14,6940.3,97164.2,"208",SLCYL,BRND010,Z31,Klinik
IN6233,EPM,CAB03,Bandung,"2022-01-23",January,CUST55450,APOTEK MERDEKA,BRG0001,ACYCLOVIR DUS,DUS,24,1169.91,28077.84,"206",OGB & PH,BRND001,Z32,Apotek
IN6235,TD,CAB01,Tangerang,"2022-01-30",January,CUST55451,KLINIK SAHABAT,BRG0002,ALERGINE TABLET SALUT,DUS,10,2337.5,23375.0,"203",ETIKAL,BRND002,Z31,Klinik
IN6263,TA,CAB01,Bekasi,"2022-01-31",January,CUST55452,APOTEK SINAR JAYA,BRG0003,AMPICILLIN,BOTOL,130,10690.6,1389777.95,"210",MARCKS,BRND003,Z32,Apotek
IN6269,EPM,CAB02,Padang,"2022-01-02",January,CUST55453,APOTEK SAHABAT,BRG0004,TRAMADOL KAPSUL 50 MG,KAPSUL,12,8700.7,104408.4,"201",VNS,BRND004,Z32,Apotek
IN6188,TD,CAB03,Lampung,"2022-01-27",January,CUST55454,KLINIK DR. ANDRI,BRG0005,KLORPROMAZINA TABLET SALUT SELAPUT 100 MG,TABLET,10,5648.3,56483.0,"203",SLCYL,BRND005,Z31,Klinik
IN6116,TD,CAB04,Aceh,"2022-01-28",January,CUST55455,APOTEK TAPAK,BRG0006,KETOCONAZOLE TABLET 200 MG,TABLET,67,2819.2,188886.4,"205",OGB & PH,BRND006,Z32,Apotek
IN6216,TA,CAB05,Kuningan,"2022-01-23",January,CUST55456,APOTEK MAJA,BRG0007,ERGOTAMINE COFFEINE,BOTOL,98,4592.1,450025.81,"206",ETIKAL,BRND007,Z32,Apotek
IN6099,EPM,CAB06,Jakarta,"2022-01-30",January,CUST55457,KLINIK GM,BRG0008,TETRACYCLINE KAPSUL 250 MG,KAPSUL,5,3991.9,19959.5,"204",MARCKS,BRND008,Z31,Klinik
IN6326,TD,CAB07,Bandung,"2022-01-31",January,CUST55458,APOTEK MERDEKA,BRG0009,AMBROXOL HC,BOTOL,4,5780.7,23122.8,"207",VNS,BRND009,Z32,Apotek
IN6267,TA,CAB08,Tangerang,"2022-01-02",January,CUST55459,KLINIK SAHABAT,BRG0010,PARACETAMOL,BOTOL,8,6940.3,55522.4,"208",SLCYL,BRND010,Z31,Klinik
IN6238,EPM,CAB09,Bekasi,"2022-01-27",January,CUST55460,APOTEK SINAR JAYA,BRG0001,ACYCLOVIR DUS,DUS,9,1169.91,10529.19,"206",OGB & PH,BRND001,Z32,Apotek
IN6214,TD,CAB10,Padang,"2022-01-28",January,CUST55461,APOTEK SAHABAT,BRG0002,ALERGINE TABLET SALUT,DUS,21,2337.5,49087.5,"203",ETIKAL,BRND002,Z32,Apotek
IN6318,TD,CAB01,Aceh,"2022-01-23",January,CUST55462,APOTEK TAPAK,BRG0003,AMPICILLIN,BOTOL,22,10690.6,235193.19,"210",MARCKS,BRND003,Z32,Apotek
IN6256,TA,CAB01,Kuningan,"2022-01-30",January,CUST55463,APOTEK MAJA,BRG0004,TRAMADOL KAPSUL 50 MG,KAPSUL,12,8700.7,104408.4,"201",VNS,BRND004,Z32,Apotek
IN6048,EPM,CAB02,Jakarta,"2022-01-31",January,CUST55464,KLINIK GM,BRG0005,KLORPROMAZINA TABLET SALUT SELAPUT 100 MG,TABLET,25,5648.3,141207.5,"203",SLCYL,BRND005,Z31,Klinik
IN6120,TD,CAB03,Bandung,"2022-01-02",January,CUST55465,APOTEK MERDEKA,BRG0006,KETOCONAZOLE TABLET 200 MG,TABLET,14,2819.2,39468.8,"205",OGB & PH,BRND006,Z32,Apotek
IN6161,TA,CAB01,Tangerang,"2022-01-27",January,CUST55466,KLINIK SAHABAT,BRG0001,ACYCLOVIR DUS,DUS,24,4592.1,110210.4,"206",ETIKAL,BRND007,Z31,Klinik
IN6292,EPM,CAB01,Bekasi,"2022-01-28",January,CUST55467,APOTEK SINAR JAYA,BRG0002,ALERGINE TABLET SALUT,DUS,10,3991.9,39919.0,"203",MARCKS,BRND008,Z32,Apotek
IN6286,TD,CAB02,Padang,"2022-01-23",January,CUST55468,APOTEK SAHABAT,BRG0003,AMPICILLIN,BOTOL,120,5780.7,693684.02,"210",VNS,BRND009,Z32,Apotek
IN6008,TA,CAB03,Lampung,"2022-01-30",January,CUST55469,KLINIK DR. ANDRI,BRG0004,TRAMADOL KAPSUL 50 MG,KAPSUL,12,6940.3,83283.6,"201",SLCYL,BRND010,Z31,Klinik
IN6040,EPM,CAB04,Aceh,"2022-01-31",January,CUST55470,APOTEK TAPAK,BRG0001,ACYCLOVIR DUS,DUS,10,1169.91,11699.1,"206",OGB & PH,BRND001,Z32,Apotek
IN6084,TD,CAB05,Kuningan,"2022-01-02",January,CUST55471,APOTEK MAJA,BRG0002,ALERGINE TABLET SALUT,DUS,67,2337.5,156612.5,"203",ETIKAL,BRND002,Z32,Apotek
IN6074,TD,CAB06,Jakarta,"2022-01-27",January,CUST55472,KLINIK GM,BRG0003,AMPICILLIN,BOTOL,98,10690.6,1047678.76,"210",MARCKS,BRND003,Z31,Klinik
IN6200,TA,CAB07,Bandung,"2022-01-28",January,CUST55473,APOTEK MERDEKA,BRG0004,TRAMADOL KAPSUL 50 MG,KAPSUL,5,8700.7,43503.5,"201",VNS,BRND004,Z32,Apotek
IN6065,EPM,CAB08,Tangerang,"2022-01-23",January,CUST55474,KLINIK SAHABAT,BRG0005,KLORPROMAZINA TABLET SALUT SELAPUT 100 MG,TABLET,4,5648.3,22593.2,"203",SLCYL,BRND005,Z31,Klinik
IN6208,TD,CAB09,Bekasi,"2022-01-30",January,CUST55475,APOTEK SINAR JAYA,BRG0006,KETOCONAZOLE TABLET 200 MG,TABLET,8,2819.2,22553.6,"205",OGB & PH,BRND006,Z32,Apotek
IN6148,TA,CAB10,Padang,"2022-01-31",January,CUST55476,APOTEK SAHABAT,BRG0007,ERGOTAMINE COFFEINE,BOTOL,9,4592.1,41328.9,"206",ETIKAL,BRND007,Z32,Apotek
IN6072,EPM,CAB01,Aceh,"2022-01-02",January,CUST55477,APOTEK TAPAK,BRG0008,TETRACYCLINE KAPSUL 250 MG,KAPSUL,1,3991.9,3991.9,"204",MARCKS,BRND008,Z32,Apotek
IN6095,TD,CAB01,Kuningan,"2022-01-27",January,CUST55478,APOTEK MAJA,BRG0009,AMBROXOL HC,BOTOL,5,5780.7,28903.5,"207",VNS,BRND009,Z32,Apotek
IN6049,TA,CAB02,Jakarta,"2022-01-28",January,CUST55479,KLINIK GM,BRG0010,PARACETAMOL,BOTOL,9,6940.3,62462.7,"208",SLCYL,BRND010,Z31,Klinik
IN6039,EPM,CAB03,Bandung,"2022-01-23",January,CUST55480,APOTEK MERDEKA,BRG0001,ACYCLOVIR DUS,DUS,13,1169.91,15208.83,"206",OGB & PH,BRND001,Z32,Apotek
IN6276,TD,CAB01,Tangerang,"2022-01-30",January,CUST55481,KLINIK SAHABAT,BRG0002,ALERGINE TABLET SALUT,DUS,1,2337.5,2337.5,"203",ETIKAL,BRND002,Z31,Klinik
IN6015,TD,CAB01,Bekasi,"2022-01-31",January,CUST55482,APOTEK SINAR JAYA,BRG0003,AMPICILLIN,BOTOL,5,10690.6,53453.0,"210",MARCKS,BRND003,Z32,Apotek
IN6185,TA,CAB02,Padang,"2022-01-02",January,CUST55483,APOTEK SAHABAT,BRG0004,TRAMADOL KAPSUL 50 MG,KAPSUL,9,8700.7,78306.3,"201",VNS,BRND004,Z32,Apotek
IN6258,EPM,CAB03,Lampung,"2022-01-27",January,CUST55484,KLINIK DR. ANDRI,BRG0005,KLORPROMAZINA TABLET SALUT SELAPUT 100 MG,TABLET,1,5648.3,5648.3,"203",SLCYL,BRND005,Z31,Klinik
IN6070,TD,CAB04,Aceh,"2022-01-28",January,CUST55485,APOTEK TAPAK,BRG0006,KETOCONAZOLE TABLET 200 MG,TABLET,23,2819.2,64841.6,"205",OGB & PH,BRND006,Z32,Apotek
IN6210,TA,CAB05,Kuningan,"2022-01-23",January,CUST55486,APOTEK MAJA,BRG0007,ERGOTAMINE COFFEINE,BOTOL,4,4592.1,18368.4,"206",ETIKAL,BRND007,Z32,Apotek
IN6083,EPM,CAB06,Jakarta,"2022-01-30",January,CUST55487,KLINIK GM,BRG0008,TETRACYCLINE KAPSUL 250 MG,KAPSUL,2,3991.9,7983.8,"204",MARCKS,BRND008,Z31,Klinik
IN6322,TD,CAB07,Bandung,"2022-01-31",January,CUST55488,APOTEK MERDEKA,BRG0009,AMBROXOL HC,BOTOL,17,5780.7,98271.9,"207",VNS,BRND009,Z32,Apotek
IN6291,TD,CAB08,Tangerang,"2022-01-02",January,CUST55489,KLINIK SAHABAT,BRG0010,PARACETAMOL,BOTOL,11,6940.3,76343.3,"208",SLCYL,BRND010,Z31,Klinik
IN6062,TA,CAB09,Bekasi,"2022-01-27",January,CUST55490,APOTEK SINAR JAYA,BRG0001,ACYCLOVIR DUS,DUS,12,1169.91,14038.92,"206",OGB & PH,BRND001,Z32,Apotek
IN6167,EPM,CAB10,Padang,"2022-01-28",January,CUST55491,APOTEK SAHABAT,BRG0002,ALERGINE TABLET SALUT,DUS,12,2337.5,28050.0,"203",ETIKAL,BRND002,Z32,Apotek
IN6289,TD,CAB01,Aceh,"2022-01-23",January,CUST55492,APOTEK TAPAK,BRG0003,AMPICILLIN,BOTOL,25,10690.6,267264.99,"210",MARCKS,BRND003,Z32,Apotek
IN6305,TA,CAB01,Kuningan,"2022-01-30",January,CUST55493,APOTEK MAJA,BRG0004,TRAMADOL KAPSUL 50 MG,KAPSUL,14,8700.7,121809.8,"201",VNS,BRND004,Z32,Apotek
IN6079,EPM,CAB02,Jakarta,"2022-01-31",January,CUST55494,KLINIK GM,BRG0005,KLORPROMAZINA TABLET SALUT SELAPUT 100 MG,TABLET,34,5648.3,192042.19,"203",SLCYL,BRND005,Z31,Klinik
IN6320,TD,CAB03,Bandung,"2022-01-02",January,CUST55495,APOTEK MERDEKA,BRG0006,KETOCONAZOLE TABLET 200 MG,TABLET,67,2819.2,188886.4,"205",OGB & PH,BRND006,Z32,Apotek
IN6103,TA,CAB01,Tangerang,"2022-01-27",January,CUST55496,KLINIK SAHABAT,BRG0001,ACYCLOVIR DUS,DUS,15,4592.1,68881.5,"206",ETIKAL,BRND007,Z31,Klinik
IN6172,EPM,CAB01,Bekasi,"2022-01-28",January,CUST55497,APOTEK SINAR JAYA,BRG0002,ALERGINE TABLET SALUT,DUS,12,3991.9,47902.8,"203",MARCKS,BRND008,Z32,Apotek
IN6183,TD,CAB02,Padang,"2022-01-23",January,CUST55498,APOTEK SAHABAT,BRG0003,AMPICILLIN,BOTOL,25,5780.7,144517.5,"210",VNS,BRND009,Z32,Apotek
IN6278,TD,CAB03,Lampung,"2022-01-30",January,CUST55499,KLINIK DR. ANDRI,BRG0004,TRAMADOL KAPSUL 50 MG,KAPSUL,14,6940.3,97164.2,"201",SLCYL,BRND010,Z31,Klinik
IN6186,TA,CAB04,Aceh,"2022-01-31",January,CUST55500,APOTEK TAPAK,BRG0001,ACYCLOVIR DUS,DUS,18,1169.91,21058.38,"206",OGB & PH,BRND001,Z32,Apotek
IN6211,EPM,CAB05,Kuningan,"2022-01-02",January,CUST55501,APOTEK MAJA,BRG0002,ALERGINE TABLET SALUT,DUS,18,2337.5,42075.0,"203",ETIKAL,BRND002,Z32,Apotek
IN6118,TD,CAB06,Jakarta,"2022-01-27",January,CUST55502,KLINIK GM,BRG0003,AMPICILLIN,BOTOL,19,10690.6,203121.39,"210",MARCKS,BRND003,Z31,Klinik
IN6162,TA,CAB07,Bandung,"2022-01-28",January,CUST55503,APOTEK MERDEKA,BRG0004,TRAMADOL KAPSUL 50 MG,KAPSUL,12,8700.7,104408.4,"201",VNS,BRND004,Z32,Apotek
IN6221,EPM,CAB08,Tangerang,"2022-01-23",January,CUST55504,KLINIK SAHABAT,BRG0005,KLORPROMAZINA TABLET SALUT SELAPUT 100 MG,TABLET,25,5648.3,141207.5,"203",SLCYL,BRND005,Z31,Klinik
IN6170,TD,CAB09,Bekasi,"2022-01-30",January,CUST55505,APOTEK SINAR JAYA,BRG0006,KETOCONAZOLE TABLET 200 MG,TABLET,14,2819.2,39468.8,"205",OGB & PH,BRND006,Z32,Apotek
IN6045,TA,CAB10,Padang,"2022-01-31",January,CUST55506,APOTEK SAHABAT,BRG0007,ERGOTAMINE COFFEINE,BOTOL,21,4592.1,96434.1,"206",ETIKAL,BRND007,Z32,Apotek
IN6300,EPM,CAB01,Aceh,"2022-01-02",January,CUST55507,APOTEK TAPAK,BRG0008,TETRACYCLINE KAPSUL 250 MG,KAPSUL,22,3991.9,87821.8,"204",MARCKS,BRND008,Z32,Apotek
IN6228,TD,CAB01,Kuningan,"2022-01-27",January,CUST55508,APOTEK MAJA,BRG0009,AMBROXOL HC,BOTOL,12,5780.7,69368.4,"207",VNS,BRND009,Z32,Apotek
IN6199,TD,CAB02,Jakarta,"2022-01-28",January,CUST55509,KLINIK GM,BRG0010,PARACETAMOL,BOTOL,25,6940.3,173507.5,"208",SLCYL,BRND010,Z31,Klinik
IN6215,TA,CAB03,Bandung,"2022-01-23",January,CUST55510,APOTEK MERDEKA,BRG0001,ACYCLOVIR DUS,DUS,14,1169.91,16378.74,"206",OGB & PH,BRND001,Z32,Apotek
IN6107,EPM,CAB01,Tangerang,"2022-01-30",January,CUST55511,KLINIK SAHABAT,BRG0002,ALERGINE TABLET SALUT,DUS,24,2337.5,56100.0,"203",ETIKAL,BRND002,Z31,Klinik
IN6152,TD,CAB01,Bekasi,"2022-01-31",January,CUST55512,APOTEK SINAR JAYA,BRG0003,AMPICILLIN,BOTOL,10,10690.6,106906.0,"210",MARCKS,BRND003,Z32,Apotek
IN6017,TA,CAB02,Padang,"2022-01-02",January,CUST55513,APOTEK SAHABAT,BRG0004,TRAMADOL KAPSUL 50 MG,KAPSUL,23,8700.7,200116.1,"201",VNS,BRND004,Z32,Apotek
IN6299,EPM,CAB03,Lampung,"2022-01-27",January,CUST55514,KLINIK DR. ANDRI,BRG0005,KLORPROMAZINA TABLET SALUT SELAPUT 100 MG,TABLET,12,5648.3,67779.6,"203",SLCYL,BRND005,Z31,Klinik
IN6064,TD,CAB04,Aceh,"2022-01-28",January,CUST55515,APOTEK TAPAK,BRG0006,KETOCONAZOLE TABLET 200 MG,TABLET,10,2819.2,28192.0,"205",OGB & PH,BRND006,Z32,Apotek
IN6308,TD,CAB05,Kuningan,"2022-01-23",January,CUST55516,APOTEK MAJA,BRG0007,ERGOTAMINE COFFEINE,BOTOL,67,4592.1,307670.71,"206",ETIKAL,BRND007,Z32,Apotek
IN6038,TA,CAB06,Jakarta,"2022-01-30",January,CUST55517,KLINIK GM,BRG0008,TETRACYCLINE KAPSUL 250 MG,KAPSUL,98,3991.9,391206.19,"204",MARCKS,BRND008,Z31,Klinik
IN6130,EPM,CAB07,Bandung,"2022-01-31",January,CUST55518,APOTEK MERDEKA,BRG0009,AMBROXOL HC,BOTOL,5,5780.7,28903.5,"207",VNS,BRND009,Z32,Apotek
IN6293,TD,CAB08,Tangerang,"2022-01-02",January,CUST55519,KLINIK SAHABAT,BRG0010,PARACETAMOL,BOTOL,4,6940.3,27761.2,"208",SLCYL,BRND010,Z31,Klinik
IN6205,TA,CAB09,Bekasi,"2022-01-27",January,CUST55520,APOTEK SINAR JAYA,BRG0001,ACYCLOVIR DUS,DUS,8,1169.91,9359.28,"206",OGB & PH,BRND001,Z32,Apotek
IN6325,EPM,CAB10,Padang,"2022-01-28",January,CUST55521,APOTEK SAHABAT,BRG0002,ALERGINE TABLET SALUT,DUS,9,2337.5,21037.5,"203",ETIKAL,BRND002,Z32,Apotek
IN6317,TD,CAB01,Aceh,"2022-01-23",January,CUST55522,APOTEK TAPAK,BRG0003,AMPICILLIN,BOTOL,10,10690.6,106906.0,"210",MARCKS,BRND003,Z32,Apotek
IN6025,TA,CAB01,Kuningan,"2022-01-30",January,CUST55523,APOTEK MAJA,BRG0004,TRAMADOL KAPSUL 50 MG,KAPSUL,7,8700.7,60904.9,"201",VNS,BRND004,Z32,Apotek
IN6203,EPM,CAB02,Jakarta,"2022-01-31",January,CUST55524,KLINIK GM,BRG0005,KLORPROMAZINA TABLET SALUT SELAPUT 100 MG,TABLET,100,5648.3,564829.98,"203",SLCYL,BRND005,Z31,Klinik
IN6243,TD,CAB03,Bandung,"2022-01-02",January,CUST55525,APOTEK MERDEKA,BRG0006,KETOCONAZOLE TABLET 200 MG,TABLET,67,2819.2,188886.4,"205",OGB & PH,BRND006,Z32,Apotek
IN6136,TD,CAB01,Tangerang,"2022-01-27",January,CUST55526,KLINIK SAHABAT,BRG0001,ACYCLOVIR DUS,DUS,78,4592.1,358183.81,"206",ETIKAL,BRND007,Z31,Klinik
IN6314,TA,CAB01,Bekasi,"2022-01-28",January,CUST55527,APOTEK SINAR JAYA,BRG0002,ALERGINE TABLET SALUT,DUS,45,3991.9,179635.5,"203",MARCKS,BRND008,Z32,Apotek
IN6202,EPM,CAB02,Padang,"2022-01-23",January,CUST55528,APOTEK SAHABAT,BRG0003,AMPICILLIN,BOTOL,34,5780.7,196543.81,"210",VNS,BRND009,Z32,Apotek
IN6279,TD,CAB03,Lampung,"2022-01-30",January,CUST55529,KLINIK DR. ANDRI,BRG0004,TRAMADOL KAPSUL 50 MG,KAPSUL,20,6940.3,138806.0,"201",SLCYL,BRND010,Z31,Klinik
IN6196,TA,CAB04,Aceh,"2022-01-31",January,CUST55530,APOTEK TAPAK,BRG0001,ACYCLOVIR DUS,DUS,45,1169.91,52645.95,"206",OGB & PH,BRND001,Z32,Apotek
IN6266,EPM,CAB05,Kuningan,"2022-01-02",January,CUST55531,APOTEK MAJA,BRG0002,ALERGINE TABLET SALUT,DUS,34,2337.5,79475.0,"203",ETIKAL,BRND002,Z32,Apotek
IN6058,TD,CAB06,Jakarta,"2022-01-27",January,CUST55532,KLINIK GM,BRG0003,AMPICILLIN,BOTOL,34,10690.6,363480.39,"210",MARCKS,BRND003,Z31,Klinik
IN6246,TA,CAB07,Bandung,"2022-01-28",January,CUST55533,APOTEK MERDEKA,BRG0004,TRAMADOL KAPSUL 50 MG,KAPSUL,34,8700.7,295823.81,"201",VNS,BRND004,Z32,Apotek
IN6242,EPM,CAB08,Tangerang,"2022-01-23",January,CUST55534,KLINIK SAHABAT,BRG0005,KLORPROMAZINA TABLET SALUT SELAPUT 100 MG,TABLET,44,5648.3,248525.19,"203",SLCYL,BRND005,Z31,Klinik
IN5982,TD,CAB09,Bekasi,"2022-01-30",January,CUST55535,APOTEK SINAR JAYA,BRG0006,KETOCONAZOLE TABLET 200 MG,TABLET,5,2819.2,14096.0,"205",OGB & PH,BRND006,Z32,Apotek
IN6068,TD,CAB10,Padang,"2022-01-31",January,CUST55536,APOTEK SAHABAT,BRG0007,ERGOTAMINE COFFEINE,BOTOL,6,4592.1,27552.6,"206",ETIKAL,BRND007,Z32,Apotek
IN6128,TA,CAB01,Aceh,"2022-01-02",January,CUST55537,APOTEK TAPAK,BRG0008,TETRACYCLINE KAPSUL 250 MG,KAPSUL,79,3991.9,315360.09,"204",MARCKS,BRND008,Z32,Apotek
IN6066,EPM,CAB01,Kuningan,"2022-01-27",January,CUST55538,APOTEK MAJA,BRG0009,AMBROXOL HC,BOTOL,12,5780.7,69368.4,"207",VNS,BRND009,Z32,Apotek
IN6303,TD,CAB02,Jakarta,"2022-01-28",January,CUST55539,KLINIK GM,BRG0010,PARACETAMOL,BOTOL,95,6940.3,659328.48,"208",SLCYL,BRND010,Z31,Klinik
IN6284,TA,CAB03,Bandung,"2022-01-23",January,CUST55540,APOTEK MERDEKA,BRG0001,ACYCLOVIR DUS,DUS,76,1169.91,88913.16,"206",OGB & PH,BRND001,Z32,Apotek
IN6240,EPM,CAB01,Tangerang,"2022-01-30",January,CUST55541,KLINIK SAHABAT,BRG0002,ALERGINE TABLET SALUT,DUS,48,2337.5,112200.0,"203",ETIKAL,BRND002,Z31,Klinik
IN6244,TD,CAB01,Bekasi,"2022-01-31",January,CUST55542,APOTEK SINAR JAYA,BRG0003,AMPICILLIN,BOTOL,21,10690.6,224502.59,"210",MARCKS,BRND003,Z32,Apotek
IN6060,TD,CAB02,Padang,"2022-01-02",January,CUST55543,APOTEK SAHABAT,BRG0004,TRAMADOL KAPSUL 50 MG,KAPSUL,22,8700.7,191415.4,"201",VNS,BRND004,Z32,Apotek
IN6254,TA,CAB03,Lampung,"2022-02-02",February,CUST55544,KLINIK DR. ANDRI,BRG0005,KLORPROMAZINA TABLET SALUT SELAPUT 100 MG,TABLET,12,5648.3,67779.6,"203",SLCYL,BRND005,Z31,Klinik
IN6171,EPM,CAB04,Aceh,"2022-03-02",March,CUST55545,APOTEK TAPAK,BRG0006,KETOCONAZOLE TABLET 200 MG,TABLET,25,2819.2,70480.0,"205",OGB & PH,BRND006,Z32,Apotek
IN6002,TD,CAB05,Kuningan,"2022-04-02",April,CUST55546,APOTEK MAJA,BRG0007,ERGOTAMINE COFFEINE,BOTOL,14,4592.1,64289.4,"206",ETIKAL,BRND007,Z32,Apotek
IN6261,TA,CAB06,Jakarta,"2022-05-02",May,CUST55547,KLINIK GM,BRG0008,TETRACYCLINE KAPSUL 250 MG,KAPSUL,24,3991.9,95805.6,"204",MARCKS,BRND008,Z31,Klinik
IN6088,EPM,CAB07,Bandung,"2022-06-02",June,CUST55548,APOTEK MERDEKA,BRG0009,AMBROXOL HC,BOTOL,10,5780.7,57807.0,"207",VNS,BRND009,Z32,Apotek
IN6181,TD,CAB08,Tangerang,"2022-07-02",July,CUST55549,KLINIK SAHABAT,BRG0010,PARACETAMOL,BOTOL,130,6940.3,902238.97,"208",SLCYL,BRND010,Z31,Klinik
IN6135,TA,CAB09,Bekasi,"2022-08-02",August,CUST55550,APOTEK SINAR JAYA,BRG0001,ACYCLOVIR DUS,DUS,12,1169.91,14038.92,"206",OGB & PH,BRND001,Z32,Apotek
IN5988,EPM,CAB10,Padang,"2022-09-02",September,CUST55551,APOTEK SAHABAT,BRG0002,ALERGINE TABLET SALUT,DUS,10,2337.5,23375.0,"203",ETIKAL,BRND002,Z32,Apotek
IN6234,TD,CAB01,Aceh,"2022-10-02",October,CUST55552,APOTEK TAPAK,BRG0003,AMPICILLIN,BOTOL,67,10690.6,716270.17,"210",MARCKS,BRND003,Z32,Apotek
IN6319,TD,CAB01,Kuningan,"2022-11-02",November,CUST55553,APOTEK MAJA,BRG0004,TRAMADOL KAPSUL 50 MG,KAPSUL,98,8700.7,852668.62,"201",VNS,BRND004,Z32,Apotek
IN6006,TA,CAB02,Jakarta,"2022-12-02",December,CUST55554,KLINIK GM,BRG0005,KLORPROMAZINA TABLET SALUT SELAPUT 100 MG,TABLET,5,5648.3,28241.5,"203",SLCYL,BRND005,Z31,Klinik
IN6147,EPM,CAB03,Bandung,"2022-02-13",February,CUST55555,APOTEK MERDEKA,BRG0006,KETOCONAZOLE TABLET 200 MG,TABLET,4,2819.2,11276.8,"205",OGB & PH,BRND006,Z32,Apotek
IN6129,TD,CAB01,Tangerang,"2022-02-14",February,CUST55556,KLINIK SAHABAT,BRG0001,ACYCLOVIR DUS,DUS,8,4592.1,36736.8,"206",ETIKAL,BRND007,Z31,Klinik
IN5986,TA,CAB01,Bekasi,"2022-02-15",February,CUST55557,APOTEK SINAR JAYA,BRG0002,ALERGINE TABLET SALUT,DUS,9,3991.9,35927.1,"203",MARCKS,BRND008,Z32,Apotek
IN6026,EPM,CAB02,Padang,"2022-02-16",February,CUST55558,APOTEK SAHABAT,BRG0003,AMPICILLIN,BOTOL,21,5780.7,121394.7,"210",VNS,BRND009,Z32,Apotek
IN6224,TD,CAB03,Lampung,"2022-02-17",February,CUST55559,KLINIK DR. ANDRI,BRG0004,TRAMADOL KAPSUL 50 MG,KAPSUL,22,6940.3,152686.6,"201",SLCYL,BRND010,Z31,Klinik
IN6087,TA,CAB04,Aceh,"2022-02-18",February,CUST55560,APOTEK TAPAK,BRG0001,ACYCLOVIR DUS,DUS,12,1169.91,14038.92,"206",OGB & PH,BRND001,Z32,Apotek
IN6096,EPM,CAB05,Kuningan,"2022-02-19",February,CUST55561,APOTEK MAJA,BRG0002,ALERGINE TABLET SALUT,DUS,25,2337.5,58437.5,"203",ETIKAL,BRND002,Z32,Apotek
IN6034,TD,CAB06,Jakarta,"2022-02-20",February,CUST55562,KLINIK GM,BRG0003,AMPICILLIN,BOTOL,14,10690.6,149668.39,"210",MARCKS,BRND003,Z31,Klinik
IN6231,TD,CAB07,Bandung,"2022-02-21",February,CUST55563,APOTEK MERDEKA,BRG0004,TRAMADOL KAPSUL 50 MG,KAPSUL,24,8700.7,208816.8,"201",VNS,BRND004,Z32,Apotek
IN6260,TA,CAB08,Tangerang,"2022-02-22",February,CUST55564,KLINIK SAHABAT,BRG0005,KLORPROMAZINA TABLET SALUT SELAPUT 100 MG,TABLET,10,5648.3,56483.0,"203",SLCYL,BRND005,Z31,Klinik
IN6302,EPM,CAB09,Bekasi,"2022-02-23",February,CUST55565,APOTEK SINAR JAYA,BRG0006,KETOCONAZOLE TABLET 200 MG,TABLET,120,2819.2,338303.99,"205",OGB & PH,BRND006,Z32,Apotek
IN6061,TD,CAB10,Padang,"2022-02-24",February,CUST55566,APOTEK SAHABAT,BRG0007,ERGOTAMINE COFFEINE,BOTOL,12,4592.1,55105.2,"206",ETIKAL,BRND007,Z32,Apotek
IN6011,TA,CAB01,Aceh,"2022-02-25",February,CUST55567,APOTEK TAPAK,BRG0008,TETRACYCLINE KAPSUL 250 MG,KAPSUL,10,3991.9,39919.0,"204",MARCKS,BRND008,Z32,Apotek
IN6275,EPM,CAB01,Kuningan,"2022-02-26",February,CUST55568,APOTEK MAJA,BRG0009,AMBROXOL HC,BOTOL,67,5780.7,387306.91,"207",VNS,BRND009,Z32,Apotek
IN6114,TD,CAB02,Jakarta,"2022-02-27",February,CUST55569,KLINIK GM,BRG0010,PARACETAMOL,BOTOL,98,6940.3,680149.38,"208",SLCYL,BRND010,Z31,Klinik
IN6041,TD,CAB03,Bandung,"2022-02-28",February,CUST55570,APOTEK MERDEKA,BRG0001,ACYCLOVIR DUS,DUS,5,1169.91,5849.55,"206",OGB & PH,BRND001,Z32,Apotek
IN6069,TA,CAB01,Tangerang,"2022-01-03",January,CUST55571,KLINIK SAHABAT,BRG0002,ALERGINE TABLET SALUT,DUS,4,2337.5,9350.0,"203",ETIKAL,BRND002,Z31,Klinik
IN6239,EPM,CAB01,Bekasi,"2022-02-03",February,CUST55572,APOTEK SINAR JAYA,BRG0003,AMPICILLIN,BOTOL,8,10690.6,85524.8,"210",MARCKS,BRND003,Z32,Apotek
IN6137,TD,CAB02,Padang,"2022-03-03",March,CUST55573,APOTEK SAHABAT,BRG0004,TRAMADOL KAPSUL 50 MG,KAPSUL,9,8700.7,78306.3,"201",VNS,BRND004,Z32,Apotek
IN6189,TA,CAB03,Lampung,"2022-04-03",April,CUST55574,KLINIK DR. ANDRI,BRG0005,KLORPROMAZINA TABLET SALUT SELAPUT 100 MG,TABLET,1,5648.3,5648.3,"203",SLCYL,BRND005,Z31,Klinik
IN6229,EPM,CAB04,Aceh,"2022-05-03",May,CUST55575,APOTEK TAPAK,BRG0006,KETOCONAZOLE TABLET 200 MG,TABLET,5,2819.2,14096.0,"205",OGB & PH,BRND006,Z32,Apotek
IN6110,TD,CAB05,Kuningan,"2022-06-03",June,CUST55576,APOTEK MAJA,BRG0007,ERGOTAMINE COFFEINE,BOTOL,9,4592.1,41328.9,"206",ETIKAL,BRND007,Z32,Apotek
IN6182,TA,CAB06,Jakarta,"2022-07-03",July,CUST55577,KLINIK GM,BRG0008,TETRACYCLINE KAPSUL 250 MG,KAPSUL,13,3991.9,51894.7,"204",MARCKS,BRND008,Z31,Klinik
IN6164,EPM,CAB07,Bandung,"2022-08-03",August,CUST55578,APOTEK MERDEKA,BRG0009,AMBROXOL HC,BOTOL,1,5780.7,5780.7,"207",VNS,BRND009,Z32,Apotek
IN6016,TD,CAB08,Tangerang,"2022-09-03",September,CUST55579,KLINIK SAHABAT,BRG0010,PARACETAMOL,BOTOL,5,6940.3,34701.5,"208",SLCYL,BRND010,Z31,Klinik
IN6043,TD,CAB09,Bekasi,"2022-10-03",October,CUST55580,APOTEK SINAR JAYA,BRG0001,ACYCLOVIR DUS,DUS,9,1169.91,10529.19,"206",OGB & PH,BRND001,Z32,Apotek
IN6020,TA,CAB10,Padang,"2022-11-03",November,CUST55581,APOTEK SAHABAT,BRG0002,ALERGINE TABLET SALUT,DUS,1,2337.5,2337.5,"203",ETIKAL,BRND002,Z32,Apotek
IN6206,EPM,CAB01,Aceh,"2022-12-03",December,CUST55582,APOTEK TAPAK,BRG0003,AMPICILLIN,BOTOL,23,10690.6,245883.79,"210",MARCKS,BRND003,Z32,Apotek
IN6055,TD,CAB01,Kuningan,"2022-03-13",March,CUST55583,APOTEK MAJA,BRG0004,TRAMADOL KAPSUL 50 MG,KAPSUL,4,8700.7,34802.8,"201",VNS,BRND004,Z32,Apotek
IN6092,TA,CAB02,Jakarta,"2022-03-14",March,CUST55584,KLINIK GM,BRG0005,KLORPROMAZINA TABLET SALUT SELAPUT 100 MG,TABLET,2,5648.3,11296.6,"203",SLCYL,BRND005,Z31,Klinik
IN6177,EPM,CAB03,Bandung,"2022-03-15",March,CUST55585,APOTEK MERDEKA,BRG0006,KETOCONAZOLE TABLET 200 MG,TABLET,17,2819.2,47926.4,"205",OGB & PH,BRND006,Z32,Apotek
IN6209,TD,CAB01,Tangerang,"2022-03-16",March,CUST55586,KLINIK SAHABAT,BRG0001,ACYCLOVIR DUS,DUS,11,4592.1,50513.1,"206",ETIKAL,BRND007,Z31,Klinik
IN6250,TA,CAB01,Bekasi,"2022-03-17",March,CUST55587,APOTEK SINAR JAYA,BRG0002,ALERGINE TABLET SALUT,DUS,12,3991.9,47902.8,"203",MARCKS,BRND008,Z32,Apotek
IN6193,EPM,CAB02,Padang,"2022-03-18",March,CUST55588,APOTEK SAHABAT,BRG0003,AMPICILLIN,BOTOL,12,5780.7,69368.4,"210",VNS,BRND009,Z32,Apotek
IN6081,TD,CAB03,Lampung,"2022-03-19",March,CUST55589,KLINIK DR. ANDRI,BRG0004,TRAMADOL KAPSUL 50 MG,KAPSUL,25,6940.3,173507.5,"201",SLCYL,BRND010,Z31,Klinik
IN6149,TD,CAB04,Aceh,"2022-03-20",March,CUST55590,APOTEK TAPAK,BRG0001,ACYCLOVIR DUS,DUS,14,1169.91,16378.74,"206",OGB & PH,BRND001,Z32,Apotek
IN6014,TA,CAB05,Kuningan,"2022-03-21",March,CUST55591,APOTEK MAJA,BRG0002,ALERGINE TABLET SALUT,DUS,34,2337.5,79475.0,"203",ETIKAL,BRND002,Z32,Apotek
IN6290,EPM,CAB06,Jakarta,"2022-03-22",March,CUST55592,KLINIK GM,BRG0003,AMPICILLIN,BOTOL,67,10690.6,716270.17,"210",MARCKS,BRND003,Z31,Klinik
IN6051,TD,CAB07,Bandung,"2022-03-23",March,CUST55593,APOTEK MERDEKA,BRG0004,TRAMADOL KAPSUL 50 MG,KAPSUL,15,8700.7,130510.5,"201",VNS,BRND004,Z32,Apotek
IN6076,TA,CAB08,Tangerang,"2022-03-24",March,CUST55594,KLINIK SAHABAT,BRG0005,KLORPROMAZINA TABLET SALUT SELAPUT 100 MG,TABLET,12,5648.3,67779.6,"203",SLCYL,BRND005,Z31,Klinik
IN6140,EPM,CAB09,Bekasi,"2022-03-25",March,CUST55595,APOTEK SINAR JAYA,BRG0006,KETOCONAZOLE TABLET 200 MG,TABLET,25,2819.2,70480.0,"205",OGB & PH,BRND006,Z32,Apotek
IN6080,TD,CAB10,Padang,"2022-03-26",March,CUST55596,APOTEK SAHABAT,BRG0007,ERGOTAMINE COFFEINE,BOTOL,14,4592.1,64289.4,"206",ETIKAL,BRND007,Z32,Apotek
IN6153,TD,CAB01,Aceh,"2022-03-27",March,CUST55597,APOTEK TAPAK,BRG0008,TETRACYCLINE KAPSUL 250 MG,KAPSUL,18,3991.9,71854.2,"204",MARCKS,BRND008,Z32,Apotek
IN5979,TA,CAB01,Kuningan,"2022-03-28",March,CUST55598,APOTEK MAJA,BRG0009,AMBROXOL HC,BOTOL,18,5780.7,104052.6,"207",VNS,BRND009,Z32,Apotek
IN6098,EPM,CAB02,Jakarta,"2022-03-29",March,CUST55599,KLINIK GM,BRG0010,PARACETAMOL,BOTOL,19,6940.3,131865.7,"208",SLCYL,BRND010,Z31,Klinik
IN6078,TD,CAB03,Bandung,"2022-03-30",March,CUST55600,APOTEK MERDEKA,BRG0001,ACYCLOVIR DUS,DUS,12,1169.91,14038.92,"206",OGB & PH,BRND001,Z32,Apotek
IN6085,TA,CAB01,Tangerang,"2022-03-31",March,CUST55601,KLINIK SAHABAT,BRG0002,ALERGINE TABLET SALUT,DUS,25,2337.5,58437.5,"203",ETIKAL,BRND002,Z31,Klinik
IN6018,EPM,CAB01,Bekasi,"2022-01-04",January,CUST55602,APOTEK SINAR JAYA,BRG0003,AMPICILLIN,BOTOL,14,10690.6,149668.39,"210",MARCKS,BRND003,Z32,Apotek
IN6001,TD,CAB02,Padang,"2022-02-04",February,CUST55603,APOTEK SAHABAT,BRG0004,TRAMADOL KAPSUL 50 MG,KAPSUL,21,8700.7,182714.7,"201",VNS,BRND004,Z32,Apotek
IN6271,TA,CAB03,Lampung,"2022-03-04",March,CUST55604,KLINIK DR. ANDRI,BRG0005,KLORPROMAZINA TABLET SALUT SELAPUT 100 MG,TABLET,22,5648.3,124262.6,"203",SLCYL,BRND005,Z31,Klinik
IN6207,EPM,CAB04,Aceh,"2022-04-04",April,CUST55605,APOTEK TAPAK,BRG0006,KETOCONAZOLE TABLET 200 MG,TABLET,12,2819.2,33830.4,"205",OGB & PH,BRND006,Z32,Apotek
IN6187,TD,CAB05,Kuningan,"2022-05-04",May,CUST55606,APOTEK MAJA,BRG0007,ERGOTAMINE COFFEINE,BOTOL,25,4592.1,114802.5,"206",ETIKAL,BRND007,Z32,Apotek
IN5995,TD,CAB06,Jakarta,"2022-06-04",June,CUST55607,KLINIK GM,BRG0008,TETRACYCLINE KAPSUL 250 MG,KAPSUL,14,3991.9,55886.6,"204",MARCKS,BRND008,Z31,Klinik
IN6156,TA,CAB07,Bandung,"2022-07-04",July,CUST55608,APOTEK MERDEKA,BRG0009,AMBROXOL HC,BOTOL,24,5780.7,138736.8,"207",VNS,BRND009,Z32,Apotek
IN6232,EPM,CAB08,Tangerang,"2022-08-04",August,CUST55609,KLINIK SAHABAT,BRG0010,PARACETAMOL,BOTOL,10,6940.3,69403.0,"208",SLCYL,BRND010,Z31,Klinik
IN5998,TD,CAB09,Bekasi,"2022-09-04",September,CUST55610,APOTEK SINAR JAYA,BRG0001,ACYCLOVIR DUS,DUS,23,1169.91,26907.93,"206",OGB & PH,BRND001,Z32,Apotek
IN6227,TA,CAB10,Padang,"2022-10-04",October,CUST55611,APOTEK SAHABAT,BRG0002,ALERGINE TABLET SALUT,DUS,12,2337.5,28050.0,"203",ETIKAL,BRND002,Z32,Apotek
IN6027,EPM,CAB01,Aceh,"2022-11-04",November,CUST55612,APOTEK TAPAK,BRG0003,AMPICILLIN,BOTOL,10,10690.6,106906.0,"210",MARCKS,BRND003,Z32,Apotek
IN6157,TD,CAB01,Kuningan,"2022-12-04",December,CUST55613,APOTEK MAJA,BRG0004,TRAMADOL KAPSUL 50 MG,KAPSUL,67,8700.7,582946.91,"201",VNS,BRND004,Z32,Apotek
IN6180,TA,CAB02,Jakarta,"2022-04-13",April,CUST55614,KLINIK GM,BRG0005,KLORPROMAZINA TABLET SALUT SELAPUT 100 MG,TABLET,98,5648.3,553533.38,"203",SLCYL,BRND005,Z31,Klinik
IN6257,EPM,CAB03,Bandung,"2022-04-14",April,CUST55615,APOTEK MERDEKA,BRG0006,KETOCONAZOLE TABLET 200 MG,TABLET,5,2819.2,14096.0,"205",OGB & PH,BRND006,Z32,Apotek
IN6031,TD,CAB01,Tangerang,"2022-04-15",April,CUST55616,KLINIK SAHABAT,BRG0001,ACYCLOVIR DUS,DUS,4,4592.1,18368.4,"206",ETIKAL,BRND007,Z31,Klinik
IN6082,TD,CAB01,Bekasi,"2022-04-16",April,CUST55617,APOTEK SINAR JAYA,BRG0002,ALERGINE TABLET SALUT,DUS,8,3991.9,31935.2,"203",MARCKS,BRND008,Z32,Apotek
IN6174,TA,CAB02,Padang,"2022-04-17",April,CUST55618,APOTEK SAHABAT,BRG0003,AMPICILLIN,BOTOL,9,5780.7,52026.3,"210",VNS,BRND009,Z32,Apotek
IN6237,EPM,CAB03,Lampung,"2022-04-18",April,CUST55619,KLINIK DR. ANDRI,BRG0004,TRAMADOL KAPSUL 50 MG,KAPSUL,10,6940.3,69403.0,"201",SLCYL,BRND010,Z31,Klinik
IN6021,TD,CAB04,Aceh,"2022-04-19",April,CUST55620,APOTEK TAPAK,BRG0001,ACYCLOVIR DUS,DUS,7,1169.91,8189.37,"206",OGB & PH,BRND001,Z32,Apotek
IN6056,TA,CAB05,Kuningan,"2022-04-20",April,CUST55621,APOTEK MAJA,BRG0002,ALERGINE TABLET SALUT,DUS,100,2337.5,233750.0,"203",ETIKAL,BRND002,Z32,Apotek
IN5983,EPM,CAB06,Jakarta,"2022-04-21",April,CUST55622,KLINIK GM,BRG0003,AMPICILLIN,BOTOL,67,10690.6,716270.17,"210",MARCKS,BRND003,Z31,Klinik
IN6139,TD,CAB07,Bandung,"2022-04-22",April,CUST55623,APOTEK MERDEKA,BRG0004,TRAMADOL KAPSUL 50 MG,KAPSUL,78,8700.7,678654.62,"201",VNS,BRND004,Z32,Apotek
IN6126,TD,CAB08,Tangerang,"2022-04-23",April,CUST55624,KLINIK SAHABAT,BRG0005,KLORPROMAZINA TABLET SALUT SELAPUT 100 MG,TABLET,45,5648.3,254173.49,"203",SLCYL,BRND005,Z31,Klinik
IN6127,TA,CAB09,Bekasi,"2022-04-24",April,CUST55625,APOTEK SINAR JAYA,BRG0006,KETOCONAZOLE TABLET 200 MG,TABLET,34,2819.2,95852.8,"205",OGB & PH,BRND006,Z32,Apotek
IN6035,EPM,CAB10,Padang,"2022-04-25",April,CUST55626,APOTEK SAHABAT,BRG0007,ERGOTAMINE COFFEINE,BOTOL,20,4592.1,91842.0,"206",ETIKAL,BRND007,Z32,Apotek
IN6309,TD,CAB01,Aceh,"2022-04-26",April,CUST55627,APOTEK TAPAK,BRG0008,TETRACYCLINE KAPSUL 250 MG,KAPSUL,45,3991.9,179635.5,"204",MARCKS,BRND008,Z32,Apotek
IN6073,TA,CAB01,Kuningan,"2022-04-27",April,CUST55628,APOTEK MAJA,BRG0009,AMBROXOL HC,BOTOL,34,5780.7,196543.81,"207",VNS,BRND009,Z32,Apotek
IN6277,EPM,CAB02,Jakarta,"2022-04-28",April,CUST55629,KLINIK GM,BRG0010,PARACETAMOL,BOTOL,34,6940.3,235970.19,"208",SLCYL,BRND010,Z31,Klinik
IN6197,TD,CAB03,Bandung,"2022-04-29",April,CUST55630,APOTEK MERDEKA,BRG0001,ACYCLOVIR DUS,DUS,34,1169.91,39776.94,"206",OGB & PH,BRND001,Z32,Apotek
IN6225,TA,CAB01,Tangerang,"2022-04-30",April,CUST55631,KLINIK SAHABAT,BRG0002,ALERGINE TABLET SALUT,DUS,44,2337.5,102850.0,"203",ETIKAL,BRND002,Z31,Klinik
IN5999,EPM,CAB01,Bekasi,"2022-01-05",January,CUST55632,APOTEK SINAR JAYA,BRG0003,AMPICILLIN,BOTOL,5,10690.6,53453.0,"210",MARCKS,BRND003,Z32,Apotek
IN6223,TD,CAB02,Padang,"2022-02-05",February,CUST55633,APOTEK SAHABAT,BRG0004,TRAMADOL KAPSUL 50 MG,KAPSUL,6,8700.7,52204.2,"201",VNS,BRND004,Z32,Apotek
IN6273,TD,CAB03,Lampung,"2022-03-05",March,CUST55634,KLINIK DR. ANDRI,BRG0005,KLORPROMAZINA TABLET SALUT SELAPUT 100 MG,TABLET,79,5648.3,446215.68,"203",SLCYL,BRND005,Z31,Klinik
IN6047,TA,CAB04,Aceh,"2022-04-26",April,CUST55635,APOTEK TAPAK,BRG0006,KETOCONAZOLE TABLET 200 MG,TABLET,12,2819.2,33830.4,"205",OGB & PH,BRND006,Z32,Apotek
IN6071,EPM,CAB05,Kuningan,"2022-04-27",April,CUST55636,APOTEK MAJA,BRG0007,ERGOTAMINE COFFEINE,BOTOL,95,4592.1,436249.51,"206",ETIKAL,BRND007,Z32,Apotek
IN6009,TD,CAB06,Jakarta,"2022-04-28",April,CUST55637,KLINIK GM,BRG0008,TETRACYCLINE KAPSUL 250 MG,KAPSUL,76,3991.9,303384.39,"204",MARCKS,BRND008,Z31,Klinik
IN6075,TA,CAB07,Bandung,"2022-04-16",April,CUST55638,APOTEK MERDEKA,BRG0009,AMBROXOL HC,BOTOL,48,5780.7,277473.61,"207",VNS,BRND009,Z32,Apotek
IN6218,EPM,CAB08,Tangerang,"2022-04-17",April,CUST55639,KLINIK SAHABAT,BRG0010,PARACETAMOL,BOTOL,21,6940.3,145746.3,"208",SLCYL,BRND010,Z31,Klinik
IN5985,TD,CAB09,Bekasi,"2022-04-18",April,CUST55640,APOTEK SINAR JAYA,BRG0001,ACYCLOVIR DUS,DUS,22,1169.91,25738.02,"206",OGB & PH,BRND001,Z32,Apotek
IN6154,TA,CAB10,Padang,"2022-04-19",April,CUST55641,APOTEK SAHABAT,BRG0002,ALERGINE TABLET SALUT,DUS,12,2337.5,28050.0,"203",ETIKAL,BRND002,Z32,Apotek
IN6145,EPM,CAB01,Aceh,"2022-04-20",April,CUST55642,APOTEK TAPAK,BRG0003,AMPICILLIN,BOTOL,25,10690.6,267264.99,"210",MARCKS,BRND003,Z32,Apotek
IN6315,TD,CAB01,Kuningan,"2022-04-21",April,CUST55643,APOTEK MAJA,BRG0004,TRAMADOL KAPSUL 50 MG,KAPSUL,14,8700.7,121809.8,"201",VNS,BRND004,Z32,Apotek
IN6168,TD,CAB02,Jakarta,"2022-05-13",May,CUST55644,KLINIK GM,BRG0005,KLORPROMAZINA TABLET SALUT SELAPUT 100 MG,TABLET,24,5648.3,135559.2,"203",SLCYL,BRND005,Z31,Klinik
IN6192,TA,CAB03,Bandung,"2022-05-14",May,CUST55645,APOTEK MERDEKA,BRG0006,KETOCONAZOLE TABLET 200 MG,TABLET,10,2819.2,28192.0,"205",OGB & PH,BRND006,Z32,Apotek
IN6285,EPM,CAB01,Tangerang,"2022-05-15",May,CUST55646,KLINIK SAHABAT,BRG0001,ACYCLOVIR DUS,DUS,130,4592.1,596973.01,"206",ETIKAL,BRND007,Z31,Klinik
IN6077,TD,CAB01,Bekasi,"2022-05-16",May,CUST55647,APOTEK SINAR JAYA,BRG0002,ALERGINE TABLET SALUT,DUS,12,3991.9,47902.8,"203",MARCKS,BRND008,Z32,Apotek
IN6057,TA,CAB02,Padang,"2022-05-17",May,CUST55648,APOTEK SAHABAT,BRG0003,AMPICILLIN,BOTOL,10,5780.7,57807.0,"210",VNS,BRND009,Z32,Apotek
IN6252,EPM,CAB03,Lampung,"2022-05-18",May,CUST55649,KLINIK DR. ANDRI,BRG0004,TRAMADOL KAPSUL 50 MG,KAPSUL,67,6940.3,465000.09,"201",SLCYL,BRND010,Z31,Klinik
IN6272,TD,CAB04,Aceh,"2022-05-19",May,CUST55650,APOTEK TAPAK,BRG0001,ACYCLOVIR DUS,DUS,98,1169.91,114651.18,"206",OGB & PH,BRND001,Z32,Apotek
IN6150,TD,CAB05,Kuningan,"2022-05-20",May,CUST55651,APOTEK MAJA,BRG0002,ALERGINE TABLET SALUT,DUS,5,2337.5,11687.5,"203",ETIKAL,BRND002,Z32,Apotek
IN6298,TA,CAB06,Jakarta,"2022-05-21",May,CUST55652,KLINIK GM,BRG0003,AMPICILLIN,BOTOL,4,10690.6,42762.4,"210",MARCKS,BRND003,Z31,Klinik
IN6295,EPM,CAB07,Bandung,"2022-05-22",May,CUST55653,APOTEK MERDEKA,BRG0004,TRAMADOL KAPSUL 50 MG,KAPSUL,8,8700.7,69605.6,"201",VNS,BRND004,Z32,Apotek
IN6022,TD,CAB08,Tangerang,"2022-05-23",May,CUST55654,KLINIK SAHABAT,BRG0005,KLORPROMAZINA TABLET SALUT SELAPUT 100 MG,TABLET,9,5648.3,50834.7,"203",SLCYL,BRND005,Z31,Klinik
IN6090,TA,CAB09,Bekasi,"2022-05-24",May,CUST55655,APOTEK SINAR JAYA,BRG0006,KETOCONAZOLE TABLET 200 MG,TABLET,21,2819.2,59203.2,"205",OGB & PH,BRND006,Z32,Apotek
IN5996,EPM,CAB10,Padang,"2022-05-25",May,CUST55656,APOTEK SAHABAT,BRG0007,ERGOTAMINE COFFEINE,BOTOL,22,4592.1,101026.2,"206",ETIKAL,BRND007,Z32,Apotek
IN6111,TD,CAB01,Aceh,"2022-05-26",May,CUST55657,APOTEK TAPAK,BRG0008,TETRACYCLINE KAPSUL 250 MG,KAPSUL,12,3991.9,47902.8,"204",MARCKS,BRND008,Z32,Apotek
IN6194,TA,CAB01,Kuningan,"2022-04-18",April,CUST55658,APOTEK MAJA,BRG0009,AMBROXOL HC,BOTOL,25,5780.7,144517.5,"207",VNS,BRND009,Z32,Apotek
IN5987,EPM,CAB02,Jakarta,"2022-04-19",April,CUST55659,KLINIK GM,BRG0010,PARACETAMOL,BOTOL,14,6940.3,97164.2,"208",SLCYL,BRND010,Z31,Klinik
IN6313,TD,CAB03,Bandung,"2022-04-20",April,CUST55660,APOTEK MERDEKA,BRG0001,ACYCLOVIR DUS,DUS,24,1169.91,28077.84,"206",OGB & PH,BRND001,Z32,Apotek
IN6138,TD,CAB01,Tangerang,"2022-04-18",April,CUST55661,KLINIK SAHABAT,BRG0002,ALERGINE TABLET SALUT,DUS,10,2337.5,23375.0,"203",ETIKAL,BRND002,Z31,Klinik
IN6316,TA,CAB01,Bekasi,"2022-04-19",April,CUST55662,APOTEK SINAR JAYA,BRG0003,AMPICILLIN,BOTOL,120,10690.6,1282871.95,"210",MARCKS,BRND003,Z32,Apotek
IN6019,EPM,CAB02,Padang,"2022-04-20",April,CUST55663,APOTEK SAHABAT,BRG0004,TRAMADOL KAPSUL 50 MG,KAPSUL,12,8700.7,104408.4,"201",VNS,BRND004,Z32,Apotek
IN6283,TD,CAB03,Lampung,"2022-05-19",May,CUST55664,KLINIK DR. ANDRI,BRG0005,KLORPROMAZINA TABLET SALUT SELAPUT 100 MG,TABLET,10,5648.3,56483.0,"203",SLCYL,BRND005,Z31,Klinik
IN6169,TA,CAB04,Aceh,"2022-05-20",May,CUST55665,APOTEK TAPAK,BRG0006,KETOCONAZOLE TABLET 200 MG,TABLET,67,2819.2,188886.4,"205",OGB & PH,BRND006,Z32,Apotek
IN6121,EPM,CAB05,Kuningan,"2022-05-21",May,CUST55666,APOTEK MAJA,BRG0007,ERGOTAMINE COFFEINE,BOTOL,98,4592.1,450025.81,"206",ETIKAL,BRND007,Z32,Apotek
IN6117,TD,CAB06,Jakarta,"2022-05-22",May,CUST55667,KLINIK GM,BRG0008,TETRACYCLINE KAPSUL 250 MG,KAPSUL,5,3991.9,19959.5,"204",MARCKS,BRND008,Z31,Klinik
IN6201,TA,CAB07,Bandung,"2022-05-23",May,CUST55668,APOTEK MERDEKA,BRG0009,AMBROXOL HC,BOTOL,4,5780.7,23122.8,"207",VNS,BRND009,Z32,Apotek
IN6179,EPM,CAB08,Tangerang,"2022-05-24",May,CUST55669,KLINIK SAHABAT,BRG0010,PARACETAMOL,BOTOL,8,6940.3,55522.4,"208",SLCYL,BRND010,Z31,Klinik
IN5978,TD,CAB09,Bekasi,"2022-05-25",May,CUST55670,APOTEK SINAR JAYA,BRG0001,ACYCLOVIR DUS,DUS,9,1169.91,10529.19,"206",OGB & PH,BRND001,Z32,Apotek
IN5993,TD,CAB10,Padang,"2022-05-26",May,CUST55671,APOTEK SAHABAT,BRG0002,ALERGINE TABLET SALUT,DUS,1,2337.5,2337.5,"203",ETIKAL,BRND002,Z32,Apotek
IN6160,TA,CAB01,Aceh,"2022-05-27",May,CUST55672,APOTEK TAPAK,BRG0003,AMPICILLIN,BOTOL,5,10690.6,53453.0,"210",MARCKS,BRND003,Z32,Apotek
IN6282,EPM,CAB01,Kuningan,"2022-05-28",May,CUST55673,APOTEK MAJA,BRG0004,TRAMADOL KAPSUL 50 MG,KAPSUL,9,8700.7,78306.3,"201",VNS,BRND004,Z32,Apotek
IN6093,TD,CAB02,Jakarta,"2022-05-29",May,CUST55674,KLINIK GM,BRG0005,KLORPROMAZINA TABLET SALUT SELAPUT 100 MG,TABLET,13,5648.3,73427.9,"203",SLCYL,BRND005,Z31,Klinik
IN6166,TA,CAB03,Bandung,"2022-05-30",May,CUST55675,APOTEK MERDEKA,BRG0006,KETOCONAZOLE TABLET 200 MG,TABLET,1,2819.2,2819.2,"205",OGB & PH,BRND006,Z32,Apotek
IN6010,EPM,CAB01,Tangerang,"2022-05-31",May,CUST55676,KLINIK SAHABAT,BRG0001,ACYCLOVIR DUS,DUS,5,4592.1,22960.5,"206",ETIKAL,BRND007,Z31,Klinik
IN6100,TD,CAB01,Bekasi,"2022-01-06",January,CUST55677,APOTEK SINAR JAYA,BRG0002,ALERGINE TABLET SALUT,DUS,9,3991.9,35927.1,"203",MARCKS,BRND008,Z32,Apotek
IN6222,TD,CAB02,Padang,"2022-02-06",February,CUST55678,APOTEK SAHABAT,BRG0003,AMPICILLIN,BOTOL,1,5780.7,5780.7,"210",VNS,BRND009,Z32,Apotek
IN6032,TA,CAB03,Lampung,"2022-03-06",March,CUST55679,KLINIK DR. ANDRI,BRG0004,TRAMADOL KAPSUL 50 MG,KAPSUL,23,6940.3,159626.9,"201",SLCYL,BRND010,Z31,Klinik
IN6198,EPM,CAB04,Aceh,"2022-04-06",April,CUST55680,APOTEK TAPAK,BRG0001,ACYCLOVIR DUS,DUS,4,1169.91,4679.64,"206",OGB & PH,BRND001,Z32,Apotek
IN6212,TD,CAB05,Kuningan,"2022-05-06",May,CUST55681,APOTEK MAJA,BRG0002,ALERGINE TABLET SALUT,DUS,2,2337.5,4675.0,"203",ETIKAL,BRND002,Z32,Apotek
IN6288,TA,CAB06,Jakarta,"2022-06-06",June,CUST55682,KLINIK GM,BRG0003,AMPICILLIN,BOTOL,17,10690.6,181740.19,"210",MARCKS,BRND003,Z31,Klinik
IN6059,EPM,CAB07,Bandung,"2022-07-06",July,CUST55683,APOTEK MERDEKA,BRG0004,TRAMADOL KAPSUL 50 MG,KAPSUL,11,8700.7,95707.7,"201",VNS,BRND004,Z32,Apotek
IN6236,TD,CAB08,Tangerang,"2022-08-06",August,CUST55684,KLINIK SAHABAT,BRG0005,KLORPROMAZINA TABLET SALUT SELAPUT 100 MG,TABLET,12,5648.3,67779.6,"203",SLCYL,BRND005,Z31,Klinik
IN6296,TA,CAB09,Bekasi,"2022-09-06",September,CUST55685,APOTEK SINAR JAYA,BRG0006,KETOCONAZOLE TABLET 200 MG,TABLET,12,2819.2,33830.4,"205",OGB & PH,BRND006,Z32,Apotek
IN6324,EPM,CAB10,Padang,"2022-10-06",October,CUST55686,APOTEK SAHABAT,BRG0007,ERGOTAMINE COFFEINE,BOTOL,25,4592.1,114802.5,"206",ETIKAL,BRND007,Z32,Apotek
IN6091,TD,CAB01,Aceh,"2022-11-06",November,CUST55687,APOTEK TAPAK,BRG0008,TETRACYCLINE KAPSUL 250 MG,KAPSUL,14,3991.9,55886.6,"204",MARCKS,BRND008,Z32,Apotek
IN6033,TD,CAB01,Kuningan,"2022-12-06",December,CUST55688,APOTEK MAJA,BRG0009,AMBROXOL HC,BOTOL,34,5780.7,196543.81,"207",VNS,BRND009,Z32,Apotek
IN6159,TA,CAB02,Jakarta,"2022-06-13",June,CUST55689,KLINIK GM,BRG0010,PARACETAMOL,BOTOL,67,6940.3,465000.09,"208",SLCYL,BRND010,Z31,Klinik
IN6264,EPM,CAB03,Bandung,"2022-06-14",June,CUST55690,APOTEK MERDEKA,BRG0001,ACYCLOVIR DUS,DUS,15,1169.91,17548.65,"206",OGB & PH,BRND001,Z32,Apotek
IN6046,TD,CAB01,Tangerang,"2022-06-15",June,CUST55691,KLINIK SAHABAT,BRG0002,ALERGINE TABLET SALUT,DUS,12,2337.5,28050.0,"203",ETIKAL,BRND002,Z31,Klinik
IN6268,TA,CAB01,Bekasi,"2022-06-16",June,CUST55692,APOTEK SINAR JAYA,BRG0003,AMPICILLIN,BOTOL,25,10690.6,267264.99,"210",MARCKS,BRND003,Z32,Apotek
IN6310,EPM,CAB02,Padang,"2022-04-30",April,CUST55693,APOTEK SAHABAT,BRG0004,TRAMADOL KAPSUL 50 MG,KAPSUL,14,8700.7,121809.8,"201",VNS,BRND004,Z32,Apotek
IN6044,TD,CAB03,Lampung,"2022-01-05",January,CUST55694,KLINIK DR. ANDRI,BRG0005,KLORPROMAZINA TABLET SALUT SELAPUT 100 MG,TABLET,18,5648.3,101669.4,"203",SLCYL,BRND005,Z31,Klinik
IN6178,TA,CAB04,Aceh,"2022-02-05",February,CUST55695,APOTEK TAPAK,BRG0006,KETOCONAZOLE TABLET 200 MG,TABLET,18,2819.2,50745.6,"205",OGB & PH,BRND006,Z32,Apotek
IN6270,EPM,CAB05,Kuningan,"2022-03-05",March,CUST55696,APOTEK MAJA,BRG0007,ERGOTAMINE COFFEINE,BOTOL,19,4592.1,87249.9,"206",ETIKAL,BRND007,Z32,Apotek
IN6123,TD,CAB06,Jakarta,"2022-06-16",June,CUST55697,KLINIK GM,BRG0008,TETRACYCLINE KAPSUL 250 MG,KAPSUL,12,3991.9,47902.8,"204",MARCKS,BRND008,Z31,Klinik
IN6265,TD,CAB07,Bandung,"2022-04-30",April,CUST55698,APOTEK MERDEKA,BRG0009,AMBROXOL HC,BOTOL,25,5780.7,144517.5,"207",VNS,BRND009,Z32,Apotek
IN6158,TA,CAB08,Tangerang,"2022-01-05",January,CUST55699,KLINIK SAHABAT,BRG0010,PARACETAMOL,BOTOL,14,6940.3,97164.2,"208",SLCYL,BRND010,Z31,Klinik
IN6105,EPM,CAB09,Bekasi,"2022-02-05",February,CUST55700,APOTEK SINAR JAYA,BRG0001,ACYCLOVIR DUS,DUS,21,1169.91,24568.11,"206",OGB & PH,BRND001,Z32,Apotek
IN6213,TD,CAB10,Padang,"2022-03-05",March,CUST55701,APOTEK SAHABAT,BRG0002,ALERGINE TABLET SALUT,DUS,22,2337.5,51425.0,"203",ETIKAL,BRND002,Z32,Apotek
IN6109,TA,CAB01,Aceh,"2022-06-16",June,CUST55702,APOTEK TAPAK,BRG0003,AMPICILLIN,BOTOL,12,10690.6,128287.2,"210",MARCKS,BRND003,Z32,Apotek
IN6249,EPM,CAB01,Kuningan,"2022-04-30",April,CUST55703,APOTEK MAJA,BRG0004,TRAMADOL KAPSUL 50 MG,KAPSUL,25,8700.7,217517.5,"201",VNS,BRND004,Z32,Apotek
IN6067,TD,CAB02,Jakarta,"2022-01-05",January,CUST55704,KLINIK GM,BRG0005,KLORPROMAZINA TABLET SALUT SELAPUT 100 MG,TABLET,14,5648.3,79076.2,"203",SLCYL,BRND005,Z31,Klinik
IN6143,TD,CAB03,Bandung,"2022-02-05",February,CUST55705,APOTEK MERDEKA,BRG0006,KETOCONAZOLE TABLET 200 MG,TABLET,24,2819.2,67660.8,"205",OGB & PH,BRND006,Z32,Apotek
IN5990,TA,CAB01,Tangerang,"2022-03-05",March,CUST55706,KLINIK SAHABAT,BRG0001,ACYCLOVIR DUS,DUS,10,4592.1,45921.0,"206",ETIKAL,BRND007,Z31,Klinik
IN5992,EPM,CAB01,Bekasi,"2022-06-16",June,CUST55707,APOTEK SINAR JAYA,BRG0002,ALERGINE TABLET SALUT,DUS,23,3991.9,91813.7,"203",MARCKS,BRND008,Z32,Apotek
IN6132,TD,CAB02,Padang,"2022-04-30",April,CUST55708,APOTEK SAHABAT,BRG0003,AMPICILLIN,BOTOL,12,5780.7,69368.4,"210",VNS,BRND009,Z32,Apotek
IN6030,TA,CAB03,Lampung,"2022-01-05",January,CUST55709,KLINIK DR. ANDRI,BRG0004,TRAMADOL KAPSUL 50 MG,KAPSUL,10,6940.3,69403.0,"201",SLCYL,BRND010,Z31,Klinik
IN6094,EPM,CAB04,Aceh,"2022-02-05",February,CUST55710,APOTEK TAPAK,BRG0001,ACYCLOVIR DUS,DUS,67,1169.91,78383.97,"206",OGB & PH,BRND001,Z32,Apotek
IN6294,TD,CAB05,Kuningan,"2022-03-05",March,CUST55711,APOTEK MAJA,BRG0002,ALERGINE TABLET SALUT,DUS,98,2337.5,229075.0,"203",ETIKAL,BRND002,Z32,Apotek
IN6012,TA,CAB06,Jakarta,"2022-06-16",June,CUST55712,KLINIK GM,BRG0003,AMPICILLIN,BOTOL,5,10690.6,53453.0,"210",MARCKS,BRND003,Z31,Klinik
IN6106,EPM,CAB07,Bandung,"2022-04-30",April,CUST55713,APOTEK MERDEKA,BRG0004,TRAMADOL KAPSUL 50 MG,KAPSUL,4,8700.7,34802.8,"201",VNS,BRND004,Z32,Apotek
IN5984,TD,CAB08,Tangerang,"2022-01-05",January,CUST55714,KLINIK SAHABAT,BRG0005,KLORPROMAZINA TABLET SALUT SELAPUT 100 MG,TABLET,8,5648.3,45186.4,"203",SLCYL,BRND005,Z31,Klinik
IN6007,TD,CAB09,Bekasi,"2022-02-05",February,CUST55715,APOTEK SINAR JAYA,BRG0006,KETOCONAZOLE TABLET 200 MG,TABLET,9,2819.2,25372.8,"205",OGB & PH,BRND006,Z32,Apotek
IN6115,TA,CAB10,Padang,"2022-03-05",March,CUST55716,APOTEK SAHABAT,BRG0007,ERGOTAMINE COFFEINE,BOTOL,10,4592.1,45921.0,"206",ETIKAL,BRND007,Z32,Apotek
IN6000,EPM,CAB01,Aceh,"2022-06-16",June,CUST55717,APOTEK TAPAK,BRG0008,TETRACYCLINE KAPSUL 250 MG,KAPSUL,7,3991.9,27943.3,"204",MARCKS,BRND008,Z32,Apotek
IN6097,TD,CAB01,Kuningan,"2022-04-30",April,CUST55718,APOTEK MAJA,BRG0009,AMBROXOL HC,BOTOL,100,5780.7,578070.02,"207",VNS,BRND009,Z32,Apotek
IN5989,TA,CAB02,Jakarta,"2022-01-05",January,CUST55719,KLINIK GM,BRG0010,PARACETAMOL,BOTOL,67,6940.3,465000.09,"208",SLCYL,BRND010,Z31,Klinik
IN6151,EPM,CAB03,Bandung,"2022-02-05",February,CUST55720,APOTEK MERDEKA,BRG0001,ACYCLOVIR DUS,DUS,78,1169.91,91252.98,"206",OGB & PH,BRND001,Z32,Apotek
IN6037,TD,CAB01,Tangerang,"2022-03-05",March,CUST55721,KLINIK SAHABAT,BRG0002,ALERGINE TABLET SALUT,DUS,45,2337.5,105187.5,"203",ETIKAL,BRND002,Z31,Klinik
IN6165,TA,CAB01,Bekasi,"2022-06-16",June,CUST55722,APOTEK SINAR JAYA,BRG0003,AMPICILLIN,BOTOL,34,10690.6,363480.39,"210",MARCKS,BRND003,Z32,Apotek
IN6101,EPM,CAB02,Padang,"2022-04-30",April,CUST55723,APOTEK SAHABAT,BRG0004,TRAMADOL KAPSUL 50 MG,KAPSUL,20,8700.7,174014.0,"201",VNS,BRND004,Z32,Apotek
IN6142,TD,CAB03,Lampung,"2022-01-05",January,CUST55724,KLINIK DR. ANDRI,BRG0005,KLORPROMAZINA TABLET SALUT SELAPUT 100 MG,TABLET,45,5648.3,254173.49,"203",SLCYL,BRND005,Z31,Klinik
IN6312,TD,CAB04,Aceh,"2022-02-05",February,CUST55725,APOTEK TAPAK,BRG0006,KETOCONAZOLE TABLET 200 MG,TABLET,34,2819.2,95852.8,"205",OGB & PH,BRND006,Z32,Apotek
IN6112,TA,CAB05,Kuningan,"2022-03-05",March,CUST55726,APOTEK MAJA,BRG0007,ERGOTAMINE COFFEINE,BOTOL,34,4592.1,156131.4,"206",ETIKAL,BRND007,Z32,Apotek
IN6204,EPM,CAB06,Jakarta,"2022-06-16",June,CUST55727,KLINIK GM,BRG0008,TETRACYCLINE KAPSUL 250 MG,KAPSUL,34,3991.9,135724.6,"204",MARCKS,BRND008,Z31,Klinik
IN6304,TD,CAB07,Bandung,"2022-04-30",April,CUST55728,APOTEK MERDEKA,BRG0009,AMBROXOL HC,BOTOL,44,5780.7,254350.81,"207",VNS,BRND009,Z32,Apotek
IN6004,TA,CAB08,Tangerang,"2022-01-05",January,CUST55729,KLINIK SAHABAT,BRG0010,PARACETAMOL,BOTOL,5,6940.3,34701.5,"208",SLCYL,BRND010,Z31,Klinik
