"id_invoice","id_distributor","id_cabang","cabang_sales","tanggal","id_customer","nama","id_barang","nama_barang","kemasan","jumlah_barang","harga","kode_lini","lini","brand_id","id_group","group"
IN5997,TD,CAB01,Aceh,"2022-01-20",CUST55380,APOTEK TAPAK,BRG0001,ACYCLOVIR DUS,DUS,1,1169.91,"206",OGB & PH,BRND001,Z32,Apotek
IN6297,TD,CAB01,Kuningan,"2022-01-20",CUST55381,APOTEK MAJA,BRG0002,ALERGINE TABLET SALUT,DUS,5,2337.5,"203",ETIKAL,BRND002,Z32,Apotek
IN6155,TA,CAB02,Jakarta,"2022-01-21",CUST55382,KLINIK GM,BRG0003,AMPICILLIN,BOTOL,9,10690.6,"210",MARCKS,BRND003,Z31,Klinik
IN6144,EPM,CAB03,Bandung,"2022-01-22",CUST55383,APOTEK MERDEKA,BRG0004,TRAMADOL KAPSUL 50 MG,KAPSUL,13,8700.7,"201",VNS,BRND004,Z32,Apotek
IN6280,TD,CAB04,Tangerang,"2022-01-23",CUST55384,KLINIK SAHABAT,BRG0005,KLORPROMAZINA TABLET SALUT SELAPUT 100 MG,TABLET,1,5648.3,"203",SLCYL,BRND005,Z31,Klinik
IN6052,TA,CAB05,Bekasi,"2022-01-23",CUST55385,APOTEK SINAR JAYA,BRG0006,KETOCONAZOLE TABLET 200 MG,TABLET,5,2819.2,"205",OGB & PH,BRND006,Z32,Apotek
IN6089,EPM,CAB06,Padang,"2022-01-25",CUST55386,APOTEK SAHABAT,BRG0007,ERGOTAMINE COFFEINE,BOTOL,9,4592.1,"206",ETIKAL,BRND007,Z32,Apotek
IN6251,TD,CAB07,Aceh,"2022-01-23",CUST55387,APOTEK TAPAK,BRG0008,TETRACYCLINE KAPSUL 250 MG,KAPSUL,1,3991.9,"204",MARCKS,BRND008,Z32,Apotek
IN6036,TA,CAB08,Kuningan,"2022-01-27",CUST55388,APOTEK MAJA,BRG0009,AMBROXOL HC,BOTOL,23,5780.7,"207",VNS,BRND009,Z32,Apotek
IN6029,EPM,CAB09,Jakarta,"2022-01-28",CUST55389,KLINIK GM,BRG0010,PARACETAMOL,BOTOL,4,6940.3,"208",SLCYL,BRND010,Z31,Klinik
IN6190,TD,CAB10,Bandung,"2022-01-23",CUST55390,APOTEK MERDEKA,BRG0001,ACYCLOVIR DUS,DUS,2,1169.91,"206",OGB & PH,BRND001,Z32,Apotek
IN6287,TD,CAB01,Tangerang,"2022-01-30",CUST55391,KLINIK SAHABAT,BRG0002,ALERGINE TABLET SALUT,DUS,17,2337.5,"203",ETIKAL,BRND002,Z31,Klinik
IN6102,TA,CAB01,Bekasi,"2022-01-31",CUST55392,APOTEK SINAR JAYA,BRG0003,AMPICILLIN,BOTOL,11,10690.6,"210",MARCKS,BRND003,Z32,Apotek
IN6301,EPM,CAB02,Padang,"2022-01-02",CUST55393,APOTEK SAHABAT,BRG0004,TRAMADOL KAPSUL 50 MG,KAPSUL,12,8700.7,"201",VNS,BRND004,Z32,Apotek
IN6024,TD,CAB03,Lampung,"2022-01-27",CUST55394,KLINIK DR. ANDRI,BRG0005,KLORPROMAZINA TABLET SALUT SELAPUT 100 MG,TABLET,12,5648.3,"203",SLCYL,BRND005,Z31,Klinik
IN6184,TA,CAB04,Aceh,"2022-01-28",CUST55395,APOTEK TAPAK,BRG0006,KETOCONAZOLE TABLET 200 MG,TABLET,25,2819.2,"205",OGB & PH,BRND006,Z32,Apotek
IN6307,EPM,CAB05,Kuningan,"2022-01-23",CUST55396,APOTEK MAJA,BRG0007,ERGOTAMINE COFFEINE,BOTOL,14,4592.1,"206",ETIKAL,BRND007,Z32,Apotek
IN6245,TD,CAB06,Jakarta,"2022-01-30",CUST55397,KLINIK GM,BRG0008,TETRACYCLINE KAPSUL 250 MG,KAPSUL,34,3991.9,"204",MARCKS,BRND008,Z31,Klinik
IN6195,TA,CAB07,Bandung,"2022-01-31",CUST55398,APOTEK MERDEKA,BRG0009,AMBROXOL HC,BOTOL,67,5780.7,"207",VNS,BRND009,Z32,Apotek
IN6023,EPM,CAB08,Tangerang,"2022-01-02",CUST55399,KLINIK SAHABAT,BRG0010,PARACETAMOL,BOTOL,15,6940.3,"208",SLCYL,BRND010,Z31,Klinik
IN6113,TD,CAB09,Bekasi,"2022-01-27",CUST55400,APOTEK SINAR JAYA,BRG0001,ACYCLOVIR DUS,DUS,12,1169.91,"206",OGB & PH,BRND001,Z32,Apotek
IN6141,TD,CAB10,Padang,"2022-01-28",CUST55401,APOTEK SAHABAT,BRG0002,ALERGINE TABLET SALUT,DUS,25,2337.5,"203",ETIKAL,BRND002,Z32,Apotek
IN6125,TA,CAB01,Aceh,"2022-01-23",CUST55402,APOTEK TAPAK,BRG0003,AMPICILLIN,BOTOL,14,10690.6,"210",MARCKS,BRND003,Z32,Apotek
IN6176,EPM,CAB01,Kuningan,"2022-01-30",CUST55403,APOTEK MAJA,BRG0004,TRAMADOL KAPSUL 50 MG,KAPSUL,18,8700.7,"201",VNS,BRND004,Z32,Apotek
IN6175,TD,CAB02,Jakarta,"2022-01-31",CUST55404,KLINIK GM,BRG0005,KLORPROMAZINA TABLET SALUT SELAPUT 100 MG,TABLET,18,5648.3,"203",SLCYL,BRND005,Z31,Klinik
IN6259,TA,CAB03,Bandung,"2022-01-02",CUST55405,APOTEK MERDEKA,BRG0006,KETOCONAZOLE TABLET 200 MG,TABLET,19,2819.2,"205",OGB & PH,BRND006,Z32,Apotek
IN6173,EPM,CAB01,Tangerang,"2022-01-27",CUST55406,KLINIK SAHABAT,BRG0001,ACYCLOVIR DUS,DUS,12,4592.1,"206",ETIKAL,BRND007,Z31,Klinik
IN6013,TD,CAB01,Bekasi,"2022-01-28",CUST55407,APOTEK SINAR JAYA,BRG0002,ALERGINE TABLET SALUT,DUS,25,3991.9,"203",MARCKS,BRND008,Z32,Apotek
IN6086,TD,CAB02,Padang,"2022-01-23",CUST55408,APOTEK SAHABAT,BRG0003,AMPICILLIN,BOTOL,14,5780.7,"210",VNS,BRND009,Z32,Apotek
IN6108,TA,CAB03,Lampung,"2022-01-30",CUST55409,KLINIK DR. ANDRI,BRG0004,TRAMADOL KAPSUL 50 MG,KAPSUL,21,6940.3,"201",SLCYL,BRND010,Z31,Klinik
IN6321,EPM,CAB04,Aceh,"2022-01-31",CUST55410,APOTEK TAPAK,BRG0001,ACYCLOVIR DUS,DUS,22,1169.91,"206",OGB & PH,BRND001,Z32,Apotek
IN5994,TD,CAB05,Kuningan,"2022-01-02",CUST55411,APOTEK MAJA,BRG0002,ALERGINE TABLET SALUT,DUS,12,2337.5,"203",ETIKAL,BRND002,Z32,Apotek
IN6146,TA,CAB06,Jakarta,"2022-01-27",CUST55412,KLINIK GM,BRG0003,AMPICILLIN,BOTOL,25,10690.6,"210",MARCKS,BRND003,Z31,Klinik
IN6230,EPM,CAB07,Bandung,"2022-01-28",CUST55413,APOTEK MERDEKA,BRG0004,TRAMADOL KAPSUL 50 MG,KAPSUL,14,8700.7,"201",VNS,BRND004,Z32,Apotek
IN5991,TD,CAB08,Tangerang,"2022-01-23",CUST55414,KLINIK SAHABAT,BRG0005,KLORPROMAZINA TABLET SALUT SELAPUT 100 MG,TABLET,24,5648.3,"203",SLCYL,BRND005,Z31,Klinik
IN6281,TA,CAB09,Bekasi,"2022-01-30",CUST55415,APOTEK SINAR JAYA,BRG0006,KETOCONAZOLE TABLET 200 MG,TABLET,10,2819.2,"205",OGB & PH,BRND006,Z32,Apotek
IN6226,EPM,CAB10,Padang,"2022-01-31",CUST55416,APOTEK SAHABAT,BRG0007,ERGOTAMINE COFFEINE,BOTOL,23,4592.1,"206",ETIKAL,BRND007,Z32,Apotek
IN6063,TD,CAB01,Aceh,"2022-01-02",CUST55417,APOTEK TAPAK,BRG0008,TETRACYCLINE KAPSUL 250 MG,KAPSUL,12,3991.9,"204",MARCKS,BRND008,Z32,Apotek
IN6131,TD,CAB01,Kuningan,"2022-01-27",CUST55418,APOTEK MAJA,BRG0009,AMBROXOL HC,BOTOL,10,5780.7,"207",VNS,BRND009,Z32,Apotek
IN6262,TA,CAB02,Jakarta,"2022-01-28",CUST55419,KLINIK GM,BRG0010,PARACETAMOL,BOTOL,67,6940.3,"208",SLCYL,BRND010,Z31,Klinik
IN6028,EPM,CAB03,Bandung,"2022-01-23",CUST55420,APOTEK MERDEKA,BRG0001,ACYCLOVIR DUS,DUS,98,1169.91,"206",OGB & PH,BRND001,Z32,Apotek
IN6163,TD,CAB01,Tangerang,"2022-01-30",CUST55421,KLINIK SAHABAT,BRG0002,ALERGINE TABLET SALUT,DUS,5,2337.5,"203",ETIKAL,BRND002,Z31,Klinik
IN6191,TA,CAB01,Bekasi,"2022-01-31",CUST55422,APOTEK SINAR JAYA,BRG0003,AMPICILLIN,BOTOL,4,10690.6,"210",MARCKS,BRND003,Z32,Apotek
IN6274,EPM,CAB02,Padang,"2022-01-02",CUST55423,APOTEK SAHABAT,BRG0004,TRAMADOL KAPSUL 50 MG,KAPSUL,8,8700.7,"201",VNS,BRND004,Z32,Apotek
IN6003,TD,CAB03,Lampung,"2022-01-27",CUST55424,KLINIK DR. ANDRI,BRG0005,KLORPROMAZINA TABLET SALUT SELAPUT 100 MG,TABLET,9,5648.3,"203",SLCYL,BRND005,Z31,Klinik
IN6247,TA,CAB04,Aceh,"2022-01-28",CUST55425,APOTEK TAPAK,BRG0006,KETOCONAZOLE TABLET 200 MG,TABLET,10,2819.2,"205",OGB & PH,BRND006,Z32,Apotek
IN6311,EPM,CAB05,Kuningan,"2022-01-23",CUST55426,APOTEK MAJA,BRG0007,ERGOTAMINE COFFEINE,BOTOL,7,4592.1,"206",ETIKAL,BRND007,Z32,Apotek
IN6248,TD,CAB06,Jakarta,"2022-01-30",CUST55427,KLINIK GM,BRG0008,TETRACYCLINE KAPSUL 250 MG,KAPSUL,100,3991.9,"204",MARCKS,BRND008,Z31,Klinik
IN6042,TD,CAB07,Bandung,"2022-01-31",CUST55428,APOTEK MERDEKA,BRG0009,AMBROXOL HC,BOTOL,67,5780.7,"207",VNS,BRND009,Z32,Apotek
IN6133,TA,CAB08,Tangerang,"2022-01-02",CUST55429,KLINIK SAHABAT,BRG0010,PARACETAMOL,BOTOL,78,6940.3,"208",SLCYL,BRND010,Z31,Klinik
IN6306,EPM,CAB09,Bekasi,"2022-01-27",CUST55430,APOTEK SINAR JAYA,BRG0001,ACYCLOVIR DUS,DUS,45,1169.91,"206",OGB & PH,BRND001,Z32,Apotek
IN6253,TD,CAB10,Padang,"2022-01-28",CUST55431,APOTEK SAHABAT,BRG0002,ALERGINE TABLET SALUT,DUS,34,2337.5,"203",ETIKAL,BRND002,Z32,Apotek
IN5980,TA,CAB01,Aceh,"2022-01-23",CUST55432,APOTEK TAPAK,BRG0003,AMPICILLIN,BOTOL,20,10690.6,"210",MARCKS,BRND003,Z32,Apotek
IN6104,EPM,CAB01,Kuningan,"2022-01-30",CUST55433,APOTEK MAJA,BRG0004,TRAMADOL KAPSUL 50 MG,KAPSUL,45,8700.7,"201",VNS,BRND004,Z32,Apotek
IN6050,TD,CAB02,Jakarta,"2022-01-31",CUST55434,KLINIK GM,BRG0005,KLORPROMAZINA TABLET SALUT SELAPUT 100 MG,TABLET,34,5648.3,"203",SLCYL,BRND005,Z31,Klinik
IN6054,TD,CAB03,Bandung,"2022-01-02",CUST55435,APOTEK MERDEKA,BRG0006,KETOCONAZOLE TABLET 200 MG,TABLET,34,2819.2,"205",OGB & PH,BRND006,Z32,Apotek
IN6219,TA,CAB01,Tangerang,"2022-01-27",CUST55436,KLINIK SAHABAT,BRG0001,ACYCLOVIR DUS,DUS,34,4592.1,"206",ETIKAL,BRND007,Z31,Klinik
IN6053,EPM,CAB01,Bekasi,"2022-01-28",CUST55437,APOTEK SINAR JAYA,BRG0002,ALERGINE TABLET SALUT,DUS,44,3991.9,"203",MARCKS,BRND008,Z32,Apotek
IN6217,TD,CAB02,Padang,"2022-01-23",CUST55438,APOTEK SAHABAT,BRG0003,AMPICILLIN,BOTOL,5,5780.7,"210",VNS,BRND009,Z32,Apotek
IN6323,TA,CAB03,Lampung,"2022-01-30",CUST55439,KLINIK DR. ANDRI,BRG0004,TRAMADOL KAPSUL 50 MG,KAPSUL,6,6940.3,"201",SLCYL,BRND010,Z31,Klinik
IN6241,EPM,CAB04,Aceh,"2022-01-31",CUST55440,APOTEK TAPAK,BRG0001,ACYCLOVIR DUS,DUS,79,1169.91,"206",OGB & PH,BRND001,Z32,Apotek
IN6134,TD,CAB05,Kuningan,"2022-01-02",CUST55441,APOTEK MAJA,BRG0002,ALERGINE TABLET SALUT,DUS,12,2337.5,"203",ETIKAL,BRND002,Z32,Apotek
IN6124,TA,CAB06,Jakarta,"2022-01-27",CUST55442,KLINIK GM,BRG0003,AMPICILLIN,BOTOL,95,10690.6,"210",MARCKS,BRND003,Z31,Klinik
IN5981,EPM,CAB07,Bandung,"2022-01-28",CUST55443,APOTEK MERDEKA,BRG0004,TRAMADOL KAPSUL 50 MG,KAPSUL,76,8700.7,"201",VNS,BRND004,Z32,Apotek
IN6220,TD,CAB08,Tangerang,"2022-01-23",CUST55444,KLINIK SAHABAT,BRG0005,KLORPROMAZINA TABLET SALUT SELAPUT 100 MG,TABLET,48,5648.3,"203",SLCYL,BRND005,Z31,Klinik
IN6122,TD,CAB09,Bekasi,"2022-01-30",CUST55445,APOTEK SINAR JAYA,BRG0006,KETOCONAZOLE TABLET 200 MG,TABLET,21,2819.2,"205",OGB & PH,BRND006,Z32,Apotek
IN6255,TA,CAB10,Padang,"2022-01-31",CUST55446,APOTEK SAHABAT,BRG0007,ERGOTAMINE COFFEINE,BOTOL,22,4592.1,"206",ETIKAL,BRND007,Z32,Apotek
IN6005,EPM,CAB01,Aceh,"2022-01-02",CUST55447,APOTEK TAPAK,BRG0008,TETRACYCLINE KAPSUL 250 MG,KAPSUL,12,3991.9,"204",MARCKS,BRND008,Z32,Apotek
IN6327,TD,CAB01,Kuningan,"2022-01-27",CUST55448,APOTEK MAJA,BRG0009,AMBROXOL HC,BOTOL,25,5780.7,"207",VNS,BRND009,Z32,Apotek
IN6119,TA,CAB02,Jakarta,"2022-01-28",CUST55449,KLINIK GM,BRG0010,PARACETAMOL,BOTOL,14,6940.3,"208",SLCYL,BRND010,Z31,Klinik
IN6233,EPM,CAB03,Bandung,"2022-01-23",CUST55450,APOTEK MERDEKA,BRG0001,ACYCLOVIR DUS,DUS,24,1169.91,"206",OGB & PH,BRND001,Z32,Apotek
IN6235,TD,CAB01,Tangerang,"2022-01-30",CUST55451,KLINIK SAHABAT,BRG0002,ALERGINE TABLET SALUT,DUS,10,2337.5,"203",ETIKAL,BRND002,Z31,Klinik
IN6263,TA,CAB01,Bekasi,"2022-01-31",CUST55452,APOTEK SINAR JAYA,BRG0003,AMPICILLIN,BOTOL,130,10690.6,"210",MARCKS,BRND003,Z32,Apotek
IN6269,EPM,CAB02,Padang,"2022-01-02",CUST55453,APOTEK SAHABAT,BRG0004,TRAMADOL KAPSUL 50 MG,KAPSUL,12,8700.7,"201",VNS,BRND004,Z32,Apotek
IN6188,TD,CAB03,Lampung,"2022-01-27",CUST55454,KLINIK DR. ANDRI,BRG0005,KLORPROMAZINA TABLET SALUT SELAPUT 100 MG,TABLET,10,5648.3,"203",SLCYL,BRND005,Z31,Klinik
IN6116,TD,CAB04,Aceh,"2022-01-28",CUST55455,APOTEK TAPAK,BRG0006,KETOCONAZOLE TABLET 200 MG,TABLET,67,2819.2,"205",OGB & PH,BRND006,Z32,Apotek
IN6216,TA,CAB05,Kuningan,"2022-01-23",CUST55456,APOTEK MAJA,BRG0007,ERGOTAMINE COFFEINE,BOTOL,98,4592.1,"206",ETIKAL,BRND007,Z32,Apotek
IN6099,EPM,CAB06,Jakarta,"2022-01-30",CUST55457,KLINIK GM,BRG0008,TETRACYCLINE KAPSUL 250 MG,KAPSUL,5,3991.9,"204",MARCKS,BRND008,Z31,Klinik
IN6326,TD,CAB07,Bandung,"2022-01-31",CUST55458,APOTEK MERDEKA,BRG0009,AMBROXOL HC,BOTOL,4,5780.7,"207",VNS,BRND009,Z32,Apotek
IN6267,TA,CAB08,Tangerang,"2022-01-02",CUST55459,KLINIK SAHABAT,BRG0010,PARACETAMOL,BOTOL,8,6940.3,"208",SLCYL,BRND010,Z31,Klinik
IN6238,EPM,CAB09,Bekasi,"2022-01-27",CUST55460,APOTEK SINAR JAYA,BRG0001,ACYCLOVIR DUS,DUS,9,1169.91,"206",OGB & PH,BRND001,Z32,Apotek
IN6214,TD,CAB10,Padang,"2022-01-28",CUST55461,APOTEK SAHABAT,BRG0002,ALERGINE TABLET SALUT,DUS,21,2337.5,"203",ETIKAL,BRND002,Z32,Apotek
IN6318,TD,CAB01,Aceh,"2022-01-23",CUST55462,APOTEK TAPAK,BRG0003,AMPICILLIN,BOTOL,22,10690.6,"210",MARCKS,BRND003,Z32,Apotek
IN6256,TA,CAB01,Kuningan,"2022-01-30",CUST55463,APOTEK MAJA,BRG0004,TRAMADOL KAPSUL 50 MG,KAPSUL,12,8700.7,"201",VNS,BRND004,Z32,Apotek
IN6048,EPM,CAB02,Jakarta,"2022-01-31",CUST55464,KLINIK GM,BRG0005,KLORPROMAZINA TABLET SALUT SELAPUT 100 MG,TABLET,25,5648.3,"203",SLCYL,BRND005,Z31,Klinik
IN6120,TD,CAB03,Bandung,"2022-01-02",CUST55465,APOTEK MERDEKA,BRG0006,KETOCONAZOLE TABLET 200 MG,TABLET,14,2819.2,"205",OGB & PH,BRND006,Z32,Apotek
IN6161,TA,CAB01,Tangerang,"2022-01-27",CUST55466,KLINIK SAHABAT,BRG0001,ACYCLOVIR DUS,DUS,24,4592.1,"206",ETIKAL,BRND007,Z31,Klinik
IN6292,EPM,CAB01,Bekasi,"2022-01-28",CUST55467,APOTEK SINAR JAYA,BRG0002,ALERGINE TABLET SALUT,DUS,10,3991.9,"203",MARCKS,BRND008,Z32,Apotek
IN6286,TD,CAB02,Padang,"2022-01-23",CUST55468,APOTEK SAHABAT,BRG0003,AMPICILLIN,BOTOL,120,5780.7,"210",VNS,BRND009,Z32,Apotek
IN6008,TA,CAB03,Lampung,"2022-01-30",CUST55469,KLINIK DR. ANDRI,BRG0004,TRAMADOL KAPSUL 50 MG,KAPSUL,12,6940.3,"201",SLCYL,BRND010,Z31,Klinik
IN6040,EPM,CAB04,Aceh,"2022-01-31",CUST55470,APOTEK TAPAK,BRG0001,ACYCLOVIR DUS,DUS,10,1169.91,"206",OGB & PH,BRND001,Z32,Apotek
IN6084,TD,CAB05,Kuningan,"2022-01-02",CUST55471,APOTEK MAJA,BRG0002,ALERGINE TABLET SALUT,DUS,67,2337.5,"203",ETIKAL,BRND002,Z32,Apotek
IN6074,TD,CAB06,Jakarta,"2022-01-27",CUST55472,KLINIK GM,BRG0003,AMPICILLIN,BOTOL,98,10690.6,"210",MARCKS,BRND003,Z31,Klinik
IN6200,TA,CAB07,Bandung,"2022-01-28",CUST55473,APOTEK MERDEKA,BRG0004,TRAMADOL KAPSUL 50 MG,KAPSUL,5,8700.7,"201",VNS,BRND004,Z32,Apotek
IN6065,EPM,CAB08,Tangerang,"2022-01-23",CUST55474,KLINIK SAHABAT,BRG0005,KLORPROMAZINA TABLET SALUT SELAPUT 100 MG,TABLET,4,5648.3,"203",SLCYL,BRND005,Z31,Klinik
IN6208,TD,CAB09,Bekasi,"2022-01-30",CUST55475,APOTEK SINAR JAYA,BRG0006,KETOCONAZOLE TABLET 200 MG,TABLET,8,2819.2,"205",OGB & PH,BRND006,Z32,Apotek
IN6148,TA,CAB10,Padang,"2022-01-31",CUST55476,APOTEK SAHABAT,BRG0007,ERGOTAMINE COFFEINE,BOTOL,9,4592.1,"206",ETIKAL,BRND007,Z32,Apotek
IN6072,EPM,CAB01,Aceh,"2022-01-02",CUST55477,APOTEK TAPAK,BRG0008,TETRACYCLINE KAPSUL 250 MG,KAPSUL,1,3991.9,"204",MARCKS,BRND008,Z32,Apotek
IN6095,TD,CAB01,Kuningan,"2022-01-27",CUST55478,APOTEK MAJA,BRG0009,AMBROXOL HC,BOTOL,5,5780.7,"207",VNS,BRND009,Z32,Apotek
IN6049,TA,CAB02,Jakarta,"2022-01-28",CUST55479,KLINIK GM,BRG0010,PARACETAMOL,BOTOL,9,6940.3,"208",SLCYL,BRND010,Z31,Klinik
IN6039,EPM,CAB03,Bandung,"2022-01-23",CUST55480,APOTEK MERDEKA,BRG0001,ACYCLOVIR DUS,DUS,13,1169.91,"206",OGB & PH,BRND001,Z32,Apotek
IN6276,TD,CAB01,Tangerang,"2022-01-30",CUST55481,KLINIK SAHABAT,BRG0002,ALERGINE TABLET SALUT,DUS,1,2337.5,"203",ETIKAL,BRND002,Z31,Klinik
IN6015,TD,CAB01,Bekasi,"2022-01-31",CUST55482,APOTEK SINAR JAYA,BRG0003,AMPICILLIN,BOTOL,5,10690.6,"210",MARCKS,BRND003,Z32,Apotek
IN6185,TA,CAB02,Padang,"2022-01-02",CUST55483,APOTEK SAHABAT,BRG0004,TRAMADOL KAPSUL 50 MG,KAPSUL,9,8700.7,"201",VNS,BRND004,Z32,Apotek
IN6258,EPM,CAB03,Lampung,"2022-01-27",CUST55484,KLINIK DR. ANDRI,BRG0005,KLORPROMAZINA TABLET SALUT SELAPUT 100 MG,TABLET,1,5648.3,"203",SLCYL,BRND005,Z31,Klinik
IN6070,TD,CAB04,Aceh,"2022-01-28",CUST55485,APOTEK TAPAK,BRG0006,KETOCONAZOLE TABLET 200 MG,TABLET,23,2819.2,"205",OGB & PH,BRND006,Z32,Apotek
IN6210,TA,CAB05,Kuningan,"2022-01-23",CUST55486,APOTEK MAJA,BRG0007,ERGOTAMINE COFFEINE,BOTOL,4,4592.1,"206",ETIKAL,BRND007,Z32,Apotek
IN6083,EPM,CAB06,Jakarta,"2022-01-30",CUST55487,KLINIK GM,BRG0008,TETRACYCLINE KAPSUL 250 MG,KAPSUL,2,3991.9,"204",MARCKS,BRND008,Z31,Klinik
IN6322,TD,CAB07,Bandung,"2022-01-31",CUST55488,APOTEK MERDEKA,BRG0009,AMBROXOL HC,BOTOL,17,5780.7,"207",VNS,BRND009,Z32,Apotek
IN6291,TD,CAB08,Tangerang,"2022-01-02",CUST55489,KLINIK SAHABAT,BRG0010,PARACETAMOL,BOTOL,11,6940.3,"208",SLCYL,BRND010,Z31,Klinik
IN6062,TA,CAB09,Bekasi,"2022-01-27",CUST55490,APOTEK SINAR JAYA,BRG0001,ACYCLOVIR DUS,DUS,12,1169.91,"206",OGB & PH,BRND001,Z32,Apotek
IN6167,EPM,CAB10,Padang,"2022-01-28",CUST55491,APOTEK SAHABAT,BRG0002,ALERGINE TABLET SALUT,DUS,12,2337.5,"203",ETIKAL,BRND002,Z32,Apotek
IN6289,TD,CAB01,Aceh,"2022-01-23",CUST55492,APOTEK TAPAK,BRG0003,AMPICILLIN,BOTOL,25,10690.6,"210",MARCKS,BRND003,Z32,Apotek
IN6305,TA,CAB01,Kuningan,"2022-01-30",CUST55493,APOTEK MAJA,BRG0004,TRAMADOL KAPSUL 50 MG,KAPSUL,14,8700.7,"201",VNS,BRND004,Z32,Apotek
IN6079,EPM,CAB02,Jakarta,"2022-01-31",CUST55494,KLINIK GM,BRG0005,KLORPROMAZINA TABLET SALUT SELAPUT 100 MG,TABLET,34,5648.3,"203",SLCYL,BRND005,Z31,Klinik
IN6320,TD,CAB03,Bandung,"2022-01-02",CUST55495,APOTEK MERDEKA,BRG0006,KETOCONAZOLE TABLET 200 MG,TABLET,67,2819.2,"205",OGB & PH,BRND006,Z32,Apotek
IN6103,TA,CAB01,Tangerang,"2022-01-27",CUST55496,KLINIK SAHABAT,BRG0001,ACYCLOVIR DUS,DUS,15,4592.1,"206",ETIKAL,BRND007,Z31,Klinik
IN6172,EPM,CAB01,Bekasi,"2022-01-28",CUST55497,APOTEK SINAR JAYA,BRG0002,ALERGINE TABLET SALUT,DUS,12,3991.9,"203",MARCKS,BRND008,Z32,Apotek
IN6183,TD,CAB02,Padang,"2022-01-23",CUST55498,APOTEK SAHABAT,BRG0003,AMPICILLIN,BOTOL,25,5780.7,"210",VNS,BRND009,Z32,Apotek
IN6278,TD,CAB03,Lampung,"2022-01-30",CUST55499,KLINIK DR. ANDRI,BRG0004,TRAMADOL KAPSUL 50 MG,KAPSUL,14,6940.3,"201",SLCYL,BRND010,Z31,Klinik
IN6186,TA,CAB04,Aceh,"2022-01-31",CUST55500,APOTEK TAPAK,BRG0001,ACYCLOVIR DUS,DUS,18,1169.91,"206",OGB & PH,BRND001,Z32,Apotek
IN6211,EPM,CAB05,Kuningan,"2022-01-02",CUST55501,APOTEK MAJA,BRG0002,ALERGINE TABLET SALUT,DUS,18,2337.5,"203",ETIKAL,BRND002,Z32,Apotek
IN6118,TD,CAB06,Jakarta,"2022-01-27",CUST55502,KLINIK GM,BRG0003,AMPICILLIN,BOTOL,19,10690.6,"210",MARCKS,BRND003,Z31,Klinik
IN6162,TA,CAB07,Bandung,"2022-01-28",CUST55503,APOTEK MERDEKA,BRG0004,TRAMADOL KAPSUL 50 MG,KAPSUL,12,8700.7,"201",VNS,BRND004,Z32,Apotek
IN6221,EPM,CAB08,Tangerang,"2022-01-23",CUST55504,KLINIK SAHABAT,BRG0005,KLORPROMAZINA TABLET SALUT SELAPUT 100 MG,TABLET,25,5648.3,"203",SLCYL,BRND005,Z31,Klinik
IN6170,TD,CAB09,Bekasi,"2022-01-30",CUST55505,APOTEK SINAR JAYA,BRG0006,KETOCONAZOLE TABLET 200 MG,TABLET,14,2819.2,"205",OGB & PH,BRND006,Z32,Apotek
IN6045,TA,CAB10,Padang,"2022-01-31",CUST55506,APOTEK SAHABAT,BRG0007,ERGOTAMINE COFFEINE,BOTOL,21,4592.1,"206",ETIKAL,BRND007,Z32,Apotek
IN6300,EPM,CAB01,Aceh,"2022-01-02",CUST55507,APOTEK TAPAK,BRG0008,TETRACYCLINE KAPSUL 250 MG,KAPSUL,22,3991.9,"204",MARCKS,BRND008,Z32,Apotek
IN6228,TD,CAB01,Kuningan,"2022-01-27",CUST55508,APOTEK MAJA,BRG0009,AMBROXOL HC,BOTOL,12,5780.7,"207",VNS,BRND009,Z32,Apotek
IN6199,TD,CAB02,Jakarta,"2022-01-28",CUST55509,KLINIK GM,BRG0010,PARACETAMOL,BOTOL,25,6940.3,"208",SLCYL,BRND010,Z31,Klinik
IN6215,TA,CAB03,Bandung,"2022-01-23",CUST55510,APOTEK MERDEKA,BRG0001,ACYCLOVIR DUS,DUS,14,1169.91,"206",OGB & PH,BRND001,Z32,Apotek
IN6107,EPM,CAB01,Tangerang,"2022-01-30",CUST55511,KLINIK SAHABAT,BRG0002,ALERGINE TABLET SALUT,DUS,24,2337.5,"203",ETIKAL,BRND002,Z31,Klinik
IN6152,TD,CAB01,Bekasi,"2022-01-31",CUST55512,APOTEK SINAR JAYA,BRG0003,AMPICILLIN,BOTOL,10,10690.6,"210",MARCKS,BRND003,Z32,Apotek
IN6017,TA,CAB02,Padang,"2022-01-02",CUST55513,APOTEK SAHABAT,BRG0004,TRAMADOL KAPSUL 50 MG,KAPSUL,23,8700.7,"201",VNS,BRND004,Z32,Apotek
IN6299,EPM,CAB03,Lampung,"2022-01-27",CUST55514,KLINIK DR. ANDRI,BRG0005,KLORPROMAZINA TABLET SALUT SELAPUT 100 MG,TABLET,12,5648.3,"203",SLCYL,BRND005,Z31,Klinik
IN6064,TD,CAB04,Aceh,"2022-01-28",CUST55515,APOTEK TAPAK,BRG0006,KETOCONAZOLE TABLET 200 MG,TABLET,10,2819.2,"205",OGB & PH,BRND006,Z32,Apotek
IN6308,TD,CAB05,Kuningan,"2022-01-23",CUST55516,APOTEK MAJA,BRG0007,ERGOTAMINE COFFEINE,BOTOL,67,4592.1,"206",ETIKAL,BRND007,Z32,Apotek
IN6038,TA,CAB06,Jakarta,"2022-01-30",CUST55517,KLINIK GM,BRG0008,TETRACYCLINE KAPSUL 250 MG,KAPSUL,98,3991.9,"204",MARCKS,BRND008,Z31,Klinik
IN6130,EPM,CAB07,Bandung,"2022-01-31",CUST55518,APOTEK MERDEKA,BRG0009,AMBROXOL HC,BOTOL,5,5780.7,"207",VNS,BRND009,Z32,Apotek
IN6293,TD,CAB08,Tangerang,"2022-01-02",CUST55519,KLINIK SAHABAT,BRG0010,PARACETAMOL,BOTOL,4,6940.3,"208",SLCYL,BRND010,Z31,Klinik
IN6205,TA,CAB09,Bekasi,"2022-01-27",CUST55520,APOTEK SINAR JAYA,BRG0001,ACYCLOVIR DUS,DUS,8,1169.91,"206",OGB & PH,BRND001,Z32,Apotek
IN6325,EPM,CAB10,Padang,"2022-01-28",CUST55521,APOTEK SAHABAT,BRG0002,ALERGINE TABLET SALUT,DUS,9,2337.5,"203",ETIKAL,BRND002,Z32,Apotek
IN6317,TD,CAB01,Aceh,"2022-01-23",CUST55522,APOTEK TAPAK,BRG0003,AMPICILLIN,BOTOL,10,10690.6,"210",MARCKS,BRND003,Z32,Apotek
IN6025,TA,CAB01,Kuningan,"2022-01-30",CUST55523,APOTEK MAJA,BRG0004,TRAMADOL KAPSUL 50 MG,KAPSUL,7,8700.7,"201",VNS,BRND004,Z32,Apotek
IN6203,EPM,CAB02,Jakarta,"2022-01-31",CUST55524,KLINIK GM,BRG0005,KLORPROMAZINA TABLET SALUT SELAPUT 100 MG,TABLET,100,5648.3,"203",SLCYL,BRND005,Z31,Klinik
IN6243,TD,CAB03,Bandung,"2022-01-02",CUST55525,APOTEK MERDEKA,BRG0006,KETOCONAZOLE TABLET 200 MG,TABLET,67,2819.2,"205",OGB & PH,BRND006,Z32,Apotek
IN6136,TD,CAB01,Tangerang,"2022-01-27",CUST55526,KLINIK SAHABAT,BRG0001,ACYCLOVIR DUS,DUS,78,4592.1,"206",ETIKAL,BRND007,Z31,Klinik
IN6314,TA,CAB01,Bekasi,"2022-01-28",CUST55527,APOTEK SINAR JAYA,BRG0002,ALERGINE TABLET SALUT,DUS,45,3991.9,"203",MARCKS,BRND008,Z32,Apotek
IN6202,EPM,CAB02,Padang,"2022-01-23",CUST55528,APOTEK SAHABAT,BRG0003,AMPICILLIN,BOTOL,34,5780.7,"210",VNS,BRND009,Z32,Apotek
IN6279,TD,CAB03,Lampung,"2022-01-30",CUST55529,KLINIK DR. ANDRI,BRG0004,TRAMADOL KAPSUL 50 MG,KAPSUL,20,6940.3,"201",SLCYL,BRND010,Z31,Klinik
IN6196,TA,CAB04,Aceh,"2022-01-31",CUST55530,APOTEK TAPAK,BRG0001,ACYCLOVIR DUS,DUS,45,1169.91,"206",OGB & PH,BRND001,Z32,Apotek
IN6266,EPM,CAB05,Kuningan,"2022-01-02",CUST55531,APOTEK MAJA,BRG0002,ALERGINE TABLET SALUT,DUS,34,2337.5,"203",ETIKAL,BRND002,Z32,Apotek
IN6058,TD,CAB06,Jakarta,"2022-01-27",CUST55532,KLINIK GM,BRG0003,AMPICILLIN,BOTOL,34,10690.6,"210",MARCKS,BRND003,Z31,Klinik
IN6246,TA,CAB07,Bandung,"2022-01-28",CUST55533,APOTEK MERDEKA,BRG0004,TRAMADOL KAPSUL 50 MG,KAPSUL,34,8700.7,"201",VNS,BRND004,Z32,Apotek
IN6242,EPM,CAB08,Tangerang,"2022-01-23",CUST55534,KLINIK SAHABAT,BRG0005,KLORPROMAZINA TABLET SALUT SELAPUT 100 MG,TABLET,44,5648.3,"203",SLCYL,BRND005,Z31,Klinik
IN5982,TD,CAB09,Bekasi,"2022-01-30",CUST55535,APOTEK SINAR JAYA,BRG0006,KETOCONAZOLE TABLET 200 MG,TABLET,5,2819.2,"205",OGB & PH,BRND006,Z32,Apotek
IN6068,TD,CAB10,Padang,"2022-01-31",CUST55536,APOTEK SAHABAT,BRG0007,ERGOTAMINE COFFEINE,BOTOL,6,4592.1,"206",ETIKAL,BRND007,Z32,Apotek
IN6128,TA,CAB01,Aceh,"2022-01-02",CUST55537,APOTEK TAPAK,BRG0008,TETRACYCLINE KAPSUL 250 MG,KAPSUL,79,3991.9,"204",MARCKS,BRND008,Z32,Apotek
IN6066,EPM,CAB01,Kuningan,"2022-01-27",CUST55538,APOTEK MAJA,BRG0009,AMBROXOL HC,BOTOL,12,5780.7,"207",VNS,BRND009,Z32,Apotek
IN6303,TD,CAB02,Jakarta,"2022-01-28",CUST55539,KLINIK GM,BRG0010,PARACETAMOL,BOTOL,95,6940.3,"208",SLCYL,BRND010,Z31,Klinik
IN6284,TA,CAB03,Bandung,"2022-01-23",CUST55540,APOTEK MERDEKA,BRG0001,ACYCLOVIR DUS,DUS,76,1169.91,"206",OGB & PH,BRND001,Z32,Apotek
IN6240,EPM,CAB01,Tangerang,"2022-01-30",CUST55541,KLINIK SAHABAT,BRG0002,ALERGINE TABLET SALUT,DUS,48,2337.5,"203",ETIKAL,BRND002,Z31,Klinik
IN6244,TD,CAB01,Bekasi,"2022-01-31",CUST55542,APOTEK SINAR JAYA,BRG0003,AMPICILLIN,BOTOL,21,10690.6,"210",MARCKS,BRND003,Z32,Apotek
IN6060,TD,CAB02,Padang,"2022-01-02",CUST55543,APOTEK SAHABAT,BRG0004,TRAMADOL KAPSUL 50 MG,KAPSUL,22,8700.7,"201",VNS,BRND004,Z32,Apotek
IN6254,TA,CAB03,Lampung,"2022-02-02",CUST55544,KLINIK DR. ANDRI,BRG0005,KLORPROMAZINA TABLET SALUT SELAPUT 100 MG,TABLET,12,5648.3,"203",SLCYL,BRND005,Z31,Klinik
IN6171,EPM,CAB04,Aceh,"2022-03-02",CUST55545,APOTEK TAPAK,BRG0006,KETOCONAZOLE TABLET 200 MG,TABLET,25,2819.2,"205",OGB & PH,BRND006,Z32,Apotek
IN6002,TD,CAB05,Kuningan,"2022-04-02",CUST55546,APOTEK MAJA,BRG0007,ERGOTAMINE COFFEINE,BOTOL,14,4592.1,"206",ETIKAL,BRND007,Z32,Apotek
IN6261,TA,CAB06,Jakarta,"2022-05-02",CUST55547,KLINIK GM,BRG0008,TETRACYCLINE KAPSUL 250 MG,KAPSUL,24,3991.9,"204",MARCKS,BRND008,Z31,Klinik
IN6088,EPM,CAB07,Bandung,"2022-06-02",CUST55548,APOTEK MERDEKA,BRG0009,AMBROXOL HC,BOTOL,10,5780.7,"207",VNS,BRND009,Z32,Apotek
IN6181,TD,CAB08,Tangerang,"2022-07-02",CUST55549,KLINIK SAHABAT,BRG0010,PARACETAMOL,BOTOL,130,6940.3,"208",SLCYL,BRND010,Z31,Klinik
IN6135,TA,CAB09,Bekasi,"2022-08-02",CUST55550,APOTEK SINAR JAYA,BRG0001,ACYCLOVIR DUS,DUS,12,1169.91,"206",OGB & PH,BRND001,Z32,Apotek
IN5988,EPM,CAB10,Padang,"2022-09-02",CUST55551,APOTEK SAHABAT,BRG0002,ALERGINE TABLET SALUT,DUS,10,2337.5,"203",ETIKAL,BRND002,Z32,Apotek
IN6234,TD,CAB01,Aceh,"2022-10-02",CUST55552,APOTEK TAPAK,BRG0003,AMPICILLIN,BOTOL,67,10690.6,"210",MARCKS,BRND003,Z32,Apotek
IN6319,TD,CAB01,Kuningan,"2022-11-02",CUST55553,APOTEK MAJA,BRG0004,TRAMADOL KAPSUL 50 MG,KAPSUL,98,8700.7,"201",VNS,BRND004,Z32,Apotek
IN6006,TA,CAB02,Jakarta,"2022-12-02",CUST55554,KLINIK GM,BRG0005,KLORPROMAZINA TABLET SALUT SELAPUT 100 MG,TABLET,5,5648.3,"203",SLCYL,BRND005,Z31,Klinik
IN6147,EPM,CAB03,Bandung,"2022-02-13",CUST55555,APOTEK MERDEKA,BRG0006,KETOCONAZOLE TABLET 200 MG,TABLET,4,2819.2,"205",OGB & PH,BRND006,Z32,Apotek
IN6129,TD,CAB01,Tangerang,"2022-02-14",CUST55556,KLINIK SAHABAT,BRG0001,ACYCLOVIR DUS,DUS,8,4592.1,"206",ETIKAL,BRND007,Z31,Klinik
IN5986,TA,CAB01,Bekasi,"2022-02-15",CUST55557,APOTEK SINAR JAYA,BRG0002,ALERGINE TABLET SALUT,DUS,9,3991.9,"203",MARCKS,BRND008,Z32,Apotek
IN6026,EPM,CAB02,Padang,"2022-02-16",CUST55558,APOTEK SAHABAT,BRG0003,AMPICILLIN,BOTOL,21,5780.7,"210",VNS,BRND009,Z32,Apotek
IN6224,TD,CAB03,Lampung,"2022-02-17",CUST55559,KLINIK DR. ANDRI,BRG0004,TRAMADOL KAPSUL 50 MG,KAPSUL,22,6940.3,"201",SLCYL,BRND010,Z31,Klinik
IN6087,TA,CAB04,Aceh,"2022-02-18",CUST55560,APOTEK TAPAK,BRG0001,ACYCLOVIR DUS,DUS,12,1169.91,"206",OGB & PH,BRND001,Z32,Apotek
IN6096,EPM,CAB05,Kuningan,"2022-02-19",CUST55561,APOTEK MAJA,BRG0002,ALERGINE TABLET SALUT,DUS,25,2337.5,"203",ETIKAL,BRND002,Z32,Apotek
IN6034,TD,CAB06,Jakarta,"2022-02-20",CUST55562,KLINIK GM,BRG0003,AMPICILLIN,BOTOL,14,10690.6,"210",MARCKS,BRND003,Z31,Klinik
IN6231,TD,CAB07,Bandung,"2022-02-21",CUST55563,APOTEK MERDEKA,BRG0004,TRAMADOL KAPSUL 50 MG,KAPSUL,24,8700.7,"201",VNS,BRND004,Z32,Apotek
IN6260,TA,CAB08,Tangerang,"2022-02-22",CUST55564,KLINIK SAHABAT,BRG0005,KLORPROMAZINA TABLET SALUT SELAPUT 100 MG,TABLET,10,5648.3,"203",SLCYL,BRND005,Z31,Klinik
IN6302,EPM,CAB09,Bekasi,"2022-02-23",CUST55565,APOTEK SINAR JAYA,BRG0006,KETOCONAZOLE TABLET 200 MG,TABLET,120,2819.2,"205",OGB & PH,BRND006,Z32,Apotek
IN6061,TD,CAB10,Padang,"2022-02-24",CUST55566,APOTEK SAHABAT,BRG0007,ERGOTAMINE COFFEINE,BOTOL,12,4592.1,"206",ETIKAL,BRND007,Z32,Apotek
IN6011,TA,CAB01,Aceh,"2022-02-25",CUST55567,APOTEK TAPAK,BRG0008,TETRACYCLINE KAPSUL 250 MG,KAPSUL,10,3991.9,"204",MARCKS,BRND008,Z32,Apotek
IN6275,EPM,CAB01,Kuningan,"2022-02-26",CUST55568,APOTEK MAJA,BRG0009,AMBROXOL HC,BOTOL,67,5780.7,"207",VNS,BRND009,Z32,Apotek
IN6114,TD,CAB02,Jakarta,"2022-02-27",CUST55569,KLINIK GM,BRG0010,PARACETAMOL,BOTOL,98,6940.3,"208",SLCYL,BRND010,Z31,Klinik
IN6041,TD,CAB03,Bandung,"2022-02-28",CUST55570,APOTEK MERDEKA,BRG0001,ACYCLOVIR DUS,DUS,5,1169.91,"206",OGB & PH,BRND001,Z32,Apotek
IN6069,TA,CAB01,Tangerang,"2022-01-03",CUST55571,KLINIK SAHABAT,BRG0002,ALERGINE TABLET SALUT,DUS,4,2337.5,"203",ETIKAL,BRND002,Z31,Klinik
IN6239,EPM,CAB01,Bekasi,"2022-02-03",CUST55572,APOTEK SINAR JAYA,BRG0003,AMPICILLIN,BOTOL,8,10690.6,"210",MARCKS,BRND003,Z32,Apotek
IN6137,TD,CAB02,Padang,"2022-03-03",CUST55573,APOTEK SAHABAT,BRG0004,TRAMADOL KAPSUL 50 MG,KAPSUL,9,8700.7,"201",VNS,BRND004,Z32,Apotek
IN6189,TA,CAB03,Lampung,"2022-04-03",CUST55574,KLINIK DR. ANDRI,BRG0005,KLORPROMAZINA TABLET SALUT SELAPUT 100 MG,TABLET,1,5648.3,"203",SLCYL,BRND005,Z31,Klinik
IN6229,EPM,CAB04,Aceh,"2022-05-03",CUST55575,APOTEK TAPAK,BRG0006,KETOCONAZOLE TABLET 200 MG,TABLET,5,2819.2,"205",OGB & PH,BRND006,Z32,Apotek
IN6110,TD,CAB05,Kuningan,"2022-06-03",CUST55576,APOTEK MAJA,BRG0007,ERGOTAMINE COFFEINE,BOTOL,9,4592.1,"206",ETIKAL,BRND007,Z32,Apotek
IN6182,TA,CAB06,Jakarta,"2022-07-03",CUST55577,KLINIK GM,BRG0008,TETRACYCLINE KAPSUL 250 MG,KAPSUL,13,3991.9,"204",MARCKS,BRND008,Z31,Klinik
IN6164,EPM,CAB07,Bandung,"2022-08-03",CUST55578,APOTEK MERDEKA,BRG0009,AMBROXOL HC,BOTOL,1,5780.7,"207",VNS,BRND009,Z32,Apotek
IN6016,TD,CAB08,Tangerang,"2022-09-03",CUST55579,KLINIK SAHABAT,BRG0010,PARACETAMOL,BOTOL,5,6940.3,"208",SLCYL,BRND010,Z31,Klinik
IN6043,TD,CAB09,Bekasi,"2022-10-03",CUST55580,APOTEK SINAR JAYA,BRG0001,ACYCLOVIR DUS,DUS,9,1169.91,"206",OGB & PH,BRND001,Z32,Apotek
IN6020,TA,CAB10,Padang,"2022-11-03",CUST55581,APOTEK SAHABAT,BRG0002,ALERGINE TABLET SALUT,DUS,1,2337.5,"203",ETIKAL,BRND002,Z32,Apotek
IN6206,EPM,CAB01,Aceh,"2022-12-03",CUST55582,APOTEK TAPAK,BRG0003,AMPICILLIN,BOTOL,23,10690.6,"210",MARCKS,BRND003,Z32,Apotek
IN6055,TD,CAB01,Kuningan,"2022-03-13",CUST55583,APOTEK MAJA,BRG0004,TRAMADOL KAPSUL 50 MG,KAPSUL,4,8700.7,"201",VNS,BRND004,Z32,Apotek
IN6092,TA,CAB02,Jakarta,"2022-03-14",CUST55584,KLINIK GM,BRG0005,KLORPROMAZINA TABLET SALUT SELAPUT 100 MG,TABLET,2,5648.3,"203",SLCYL,BRND005,Z31,Klinik
IN6177,EPM,CAB03,Bandung,"2022-03-15",CUST55585,APOTEK MERDEKA,BRG0006,KETOCONAZOLE TABLET 200 MG,TABLET,17,2819.2,"205",OGB & PH,BRND006,Z32,Apotek
IN6209,TD,CAB01,Tangerang,"2022-03-16",CUST55586,KLINIK SAHABAT,BRG0001,ACYCLOVIR DUS,DUS,11,4592.1,"206",ETIKAL,BRND007,Z31,Klinik
IN6250,TA,CAB01,Bekasi,"2022-03-17",CUST55587,APOTEK SINAR JAYA,BRG0002,ALERGINE TABLET SALUT,DUS,12,3991.9,"203",MARCKS,BRND008,Z32,Apotek
IN6193,EPM,CAB02,Padang,"2022-03-18",CUST55588,APOTEK SAHABAT,BRG0003,AMPICILLIN,BOTOL,12,5780.7,"210",VNS,BRND009,Z32,Apotek
IN6081,TD,CAB03,Lampung,"2022-03-19",CUST55589,KLINIK DR. ANDRI,BRG0004,TRAMADOL KAPSUL 50 MG,KAPSUL,25,6940.3,"201",SLCYL,BRND010,Z31,Klinik
IN6149,TD,CAB04,Aceh,"2022-03-20",CUST55590,APOTEK TAPAK,BRG0001,ACYCLOVIR DUS,DUS,14,1169.91,"206",OGB & PH,BRND001,Z32,Apotek
IN6014,TA,CAB05,Kuningan,"2022-03-21",CUST55591,APOTEK MAJA,BRG0002,ALERGINE TABLET SALUT,DUS,34,2337.5,"203",ETIKAL,BRND002,Z32,Apotek
IN6290,EPM,CAB06,Jakarta,"2022-03-22",CUST55592,KLINIK GM,BRG0003,AMPICILLIN,BOTOL,67,10690.6,"210",MARCKS,BRND003,Z31,Klinik
IN6051,TD,CAB07,Bandung,"2022-03-23",CUST55593,APOTEK MERDEKA,BRG0004,TRAMADOL KAPSUL 50 MG,KAPSUL,15,8700.7,"201",VNS,BRND004,Z32,Apotek
IN6076,TA,CAB08,Tangerang,"2022-03-24",CUST55594,KLINIK SAHABAT,BRG0005,KLORPROMAZINA TABLET SALUT SELAPUT 100 MG,TABLET,12,5648.3,"203",SLCYL,BRND005,Z31,Klinik
IN6140,EPM,CAB09,Bekasi,"2022-03-25",CUST55595,APOTEK SINAR JAYA,BRG0006,KETOCONAZOLE TABLET 200 MG,TABLET,25,2819.2,"205",OGB & PH,BRND006,Z32,Apotek
IN6080,TD,CAB10,Padang,"2022-03-26",CUST55596,APOTEK SAHABAT,BRG0007,ERGOTAMINE COFFEINE,BOTOL,14,4592.1,"206",ETIKAL,BRND007,Z32,Apotek
IN6153,TD,CAB01,Aceh,"2022-03-27",CUST55597,APOTEK TAPAK,BRG0008,TETRACYCLINE KAPSUL 250 MG,KAPSUL,18,3991.9,"204",MARCKS,BRND008,Z32,Apotek
IN5979,TA,CAB01,Kuningan,"2022-03-28",CUST55598,APOTEK MAJA,BRG0009,AMBROXOL HC,BOTOL,18,5780.7,"207",VNS,BRND009,Z32,Apotek
IN6098,EPM,CAB02,Jakarta,"2022-03-29",CUST55599,KLINIK GM,BRG0010,PARACETAMOL,BOTOL,19,6940.3,"208",SLCYL,BRND010,Z31,Klinik
IN6078,TD,CAB03,Bandung,"2022-03-30",CUST55600,APOTEK MERDEKA,BRG0001,ACYCLOVIR DUS,DUS,12,1169.91,"206",OGB & PH,BRND001,Z32,Apotek
IN6085,TA,CAB01,Tangerang,"2022-03-31",CUST55601,KLINIK SAHABAT,BRG0002,ALERGINE TABLET SALUT,DUS,25,2337.5,"203",ETIKAL,BRND002,Z31,Klinik
IN6018,EPM,CAB01,Bekasi,"2022-01-04",CUST55602,APOTEK SINAR JAYA,BRG0003,AMPICILLIN,BOTOL,14,10690.6,"210",MARCKS,BRND003,Z32,Apotek
IN6001,TD,CAB02,Padang,"2022-02-04",CUST55603,APOTEK SAHABAT,BRG0004,TRAMADOL KAPSUL 50 MG,KAPSUL,21,8700.7,"201",VNS,BRND004,Z32,Apotek
IN6271,TA,CAB03,Lampung,"2022-03-04",CUST55604,KLINIK DR. ANDRI,BRG0005,KLORPROMAZINA TABLET SALUT SELAPUT 100 MG,TABLET,22,5648.3,"203",SLCYL,BRND005,Z31,Klinik
IN6207,EPM,CAB04,Aceh,"2022-04-04",CUST55605,APOTEK TAPAK,BRG0006,KETOCONAZOLE TABLET 200 MG,TABLET,12,2819.2,"205",OGB & PH,BRND006,Z32,Apotek
IN6187,TD,CAB05,Kuningan,"2022-05-04",CUST55606,APOTEK MAJA,BRG0007,ERGOTAMINE COFFEINE,BOTOL,25,4592.1,"206",ETIKAL,BRND007,Z32,Apotek
IN5995,TD,CAB06,Jakarta,"2022-06-04",CUST55607,KLINIK GM,BRG0008,TETRACYCLINE KAPSUL 250 MG,KAPSUL,14,3991.9,"204",MARCKS,BRND008,Z31,Klinik
IN6156,TA,CAB07,Bandung,"2022-07-04",CUST55608,APOTEK MERDEKA,BRG0009,AMBROXOL HC,BOTOL,24,5780.7,"207",VNS,BRND009,Z32,Apotek
IN6232,EPM,CAB08,Tangerang,"2022-08-04",CUST55609,KLINIK SAHABAT,BRG0010,PARACETAMOL,BOTOL,10,6940.3,"208",SLCYL,BRND010,Z31,Klinik
IN5998,TD,CAB09,Bekasi,"2022-09-04",CUST55610,APOTEK SINAR JAYA,BRG0001,ACYCLOVIR DUS,DUS,23,1169.91,"206",OGB & PH,BRND001,Z32,Apotek
IN6227,TA,CAB10,Padang,"2022-10-04",CUST55611,APOTEK SAHABAT,BRG0002,ALERGINE TABLET SALUT,DUS,12,2337.5,"203",ETIKAL,BRND002,Z32,Apotek
IN6027,EPM,CAB01,Aceh,"2022-11-04",CUST55612,APOTEK TAPAK,BRG0003,AMPICILLIN,BOTOL,10,10690.6,"210",MARCKS,BRND003,Z32,Apotek
IN6157,TD,CAB01,Kuningan,"2022-12-04",CUST55613,APOTEK MAJA,BRG0004,TRAMADOL KAPSUL 50 MG,KAPSUL,67,8700.7,"201",VNS,BRND004,Z32,Apotek
IN6180,TA,CAB02,Jakarta,"2022-04-13",CUST55614,KLINIK GM,BRG0005,KLORPROMAZINA TABLET SALUT SELAPUT 100 MG,TABLET,98,5648.3,"203",SLCYL,BRND005,Z31,Klinik
IN6257,EPM,CAB03,Bandung,"2022-04-14",CUST55615,APOTEK MERDEKA,BRG0006,KETOCONAZOLE TABLET 200 MG,TABLET,5,2819.2,"205",OGB & PH,BRND006,Z32,Apotek
IN6031,TD,CAB01,Tangerang,"2022-04-15",CUST55616,KLINIK SAHABAT,BRG0001,ACYCLOVIR DUS,DUS,4,4592.1,"206",ETIKAL,BRND007,Z31,Klinik
IN6082,TD,CAB01,Bekasi,"2022-04-16",CUST55617,APOTEK SINAR JAYA,BRG0002,ALERGINE TABLET SALUT,DUS,8,3991.9,"203",MARCKS,BRND008,Z32,Apotek
IN6174,TA,CAB02,Padang,"2022-04-17",CUST55618,APOTEK SAHABAT,BRG0003,AMPICILLIN,BOTOL,9,5780.7,"210",VNS,BRND009,Z32,Apotek
IN6237,EPM,CAB03,Lampung,"2022-04-18",CUST55619,KLINIK DR. ANDRI,BRG0004,TRAMADOL KAPSUL 50 MG,KAPSUL,10,6940.3,"201",SLCYL,BRND010,Z31,Klinik
IN6021,TD,CAB04,Aceh,"2022-04-19",CUST55620,APOTEK TAPAK,BRG0001,ACYCLOVIR DUS,DUS,7,1169.91,"206",OGB & PH,BRND001,Z32,Apotek
IN6056,TA,CAB05,Kuningan,"2022-04-20",CUST55621,APOTEK MAJA,BRG0002,ALERGINE TABLET SALUT,DUS,100,2337.5,"203",ETIKAL,BRND002,Z32,Apotek
IN5983,EPM,CAB06,Jakarta,"2022-04-21",CUST55622,KLINIK GM,BRG0003,AMPICILLIN,BOTOL,67,10690.6,"210",MARCKS,BRND003,Z31,Klinik
IN6139,TD,CAB07,Bandung,"2022-04-22",CUST55623,APOTEK MERDEKA,BRG0004,TRAMADOL KAPSUL 50 MG,KAPSUL,78,8700.7,"201",VNS,BRND004,Z32,Apotek
IN6126,TD,CAB08,Tangerang,"2022-04-23",CUST55624,KLINIK SAHABAT,BRG0005,KLORPROMAZINA TABLET SALUT SELAPUT 100 MG,TABLET,45,5648.3,"203",SLCYL,BRND005,Z31,Klinik
IN6127,TA,CAB09,Bekasi,"2022-04-24",CUST55625,APOTEK SINAR JAYA,BRG0006,KETOCONAZOLE TABLET 200 MG,TABLET,34,2819.2,"205",OGB & PH,BRND006,Z32,Apotek
IN6035,EPM,CAB10,Padang,"2022-04-25",CUST55626,APOTEK SAHABAT,BRG0007,ERGOTAMINE COFFEINE,BOTOL,20,4592.1,"206",ETIKAL,BRND007,Z32,Apotek
IN6309,TD,CAB01,Aceh,"2022-04-26",CUST55627,APOTEK TAPAK,BRG0008,TETRACYCLINE KAPSUL 250 MG,KAPSUL,45,3991.9,"204",MARCKS,BRND008,Z32,Apotek
IN6073,TA,CAB01,Kuningan,"2022-04-27",CUST55628,APOTEK MAJA,BRG0009,AMBROXOL HC,BOTOL,34,5780.7,"207",VNS,BRND009,Z32,Apotek
IN6277,EPM,CAB02,Jakarta,"2022-04-28",CUST55629,KLINIK GM,BRG0010,PARACETAMOL,BOTOL,34,6940.3,"208",SLCYL,BRND010,Z31,Klinik
IN6197,TD,CAB03,Bandung,"2022-04-29",CUST55630,APOTEK MERDEKA,BRG0001,ACYCLOVIR DUS,DUS,34,1169.91,"206",OGB & PH,BRND001,Z32,Apotek
IN6225,TA,CAB01,Tangerang,"2022-04-30",CUST55631,KLINIK SAHABAT,BRG0002,ALERGINE TABLET SALUT,DUS,44,2337.5,"203",ETIKAL,BRND002,Z31,Klinik
IN5999,EPM,CAB01,Bekasi,"2022-01-05",CUST55632,APOTEK SINAR JAYA,BRG0003,AMPICILLIN,BOTOL,5,10690.6,"210",MARCKS,BRND003,Z32,Apotek
IN6223,TD,CAB02,Padang,"2022-02-05",CUST55633,APOTEK SAHABAT,BRG0004,TRAMADOL KAPSUL 50 MG,KAPSUL,6,8700.7,"201",VNS,BRND004,Z32,Apotek
IN6273,TD,CAB03,Lampung,"2022-03-05",CUST55634,KLINIK DR. ANDRI,BRG0005,KLORPROMAZINA TABLET SALUT SELAPUT 100 MG,TABLET,79,5648.3,"203",SLCYL,BRND005,Z31,Klinik
IN6047,TA,CAB04,Aceh,"2022-04-26",CUST55635,APOTEK TAPAK,BRG0006,KETOCONAZOLE TABLET 200 MG,TABLET,12,2819.2,"205",OGB & PH,BRND006,Z32,Apotek
IN6071,EPM,CAB05,Kuningan,"2022-04-27",CUST55636,APOTEK MAJA,BRG0007,ERGOTAMINE COFFEINE,BOTOL,95,4592.1,"206",ETIKAL,BRND007,Z32,Apotek
IN6009,TD,CAB06,Jakarta,"2022-04-28",CUST55637,KLINIK GM,BRG0008,TETRACYCLINE KAPSUL 250 MG,KAPSUL,76,3991.9,"204",MARCKS,BRND008,Z31,Klinik
IN6075,TA,CAB07,Bandung,"2022-04-16",CUST55638,APOTEK MERDEKA,BRG0009,AMBROXOL HC,BOTOL,48,5780.7,"207",VNS,BRND009,Z32,Apotek
IN6218,EPM,CAB08,Tangerang,"2022-04-17",CUST55639,KLINIK SAHABAT,BRG0010,PARACETAMOL,BOTOL,21,6940.3,"208",SLCYL,BRND010,Z31,Klinik
IN5985,TD,CAB09,Bekasi,"2022-04-18",CUST55640,APOTEK SINAR JAYA,BRG0001,ACYCLOVIR DUS,DUS,22,1169.91,"206",OGB & PH,BRND001,Z32,Apotek
IN6154,TA,CAB10,Padang,"2022-04-19",CUST55641,APOTEK SAHABAT,BRG0002,ALERGINE TABLET SALUT,DUS,12,2337.5,"203",ETIKAL,BRND002,Z32,Apotek
IN6145,EPM,CAB01,Aceh,"2022-04-20",CUST55642,APOTEK TAPAK,BRG0003,AMPICILLIN,BOTOL,25,10690.6,"210",MARCKS,BRND003,Z32,Apotek
IN6315,TD,CAB01,Kuningan,"2022-04-21",CUST55643,APOTEK MAJA,BRG0004,TRAMADOL KAPSUL 50 MG,KAPSUL,14,8700.7,"201",VNS,BRND004,Z32,Apotek
IN6168,TD,CAB02,Jakarta,"2022-05-13",CUST55644,KLINIK GM,BRG0005,KLORPROMAZINA TABLET SALUT SELAPUT 100 MG,TABLET,24,5648.3,"203",SLCYL,BRND005,Z31,Klinik
IN6192,TA,CAB03,Bandung,"2022-05-14",CUST55645,APOTEK MERDEKA,BRG0006,KETOCONAZOLE TABLET 200 MG,TABLET,10,2819.2,"205",OGB & PH,BRND006,Z32,Apotek
IN6285,EPM,CAB01,Tangerang,"2022-05-15",CUST55646,KLINIK SAHABAT,BRG0001,ACYCLOVIR DUS,DUS,130,4592.1,"206",ETIKAL,BRND007,Z31,Klinik
IN6077,TD,CAB01,Bekasi,"2022-05-16",CUST55647,APOTEK SINAR JAYA,BRG0002,ALERGINE TABLET SALUT,DUS,12,3991.9,"203",MARCKS,BRND008,Z32,Apotek
IN6057,TA,CAB02,Padang,"2022-05-17",CUST55648,APOTEK SAHABAT,BRG0003,AMPICILLIN,BOTOL,10,5780.7,"210",VNS,BRND009,Z32,Apotek
IN6252,EPM,CAB03,Lampung,"2022-05-18",CUST55649,KLINIK DR. ANDRI,BRG0004,TRAMADOL KAPSUL 50 MG,KAPSUL,67,6940.3,"201",SLCYL,BRND010,Z31,Klinik
IN6272,TD,CAB04,Aceh,"2022-05-19",CUST55650,APOTEK TAPAK,BRG0001,ACYCLOVIR DUS,DUS,98,1169.91,"206",OGB & PH,BRND001,Z32,Apotek
IN6150,TD,CAB05,Kuningan,"2022-05-20",CUST55651,APOTEK MAJA,BRG0002,ALERGINE TABLET SALUT,DUS,5,2337.5,"203",ETIKAL,BRND002,Z32,Apotek
IN6298,TA,CAB06,Jakarta,"2022-05-21",CUST55652,KLINIK GM,BRG0003,AMPICILLIN,BOTOL,4,10690.6,"210",MARCKS,BRND003,Z31,Klinik
IN6295,EPM,CAB07,Bandung,"2022-05-22",CUST55653,APOTEK MERDEKA,BRG0004,TRAMADOL KAPSUL 50 MG,KAPSUL,8,8700.7,"201",VNS,BRND004,Z32,Apotek
IN6022,TD,CAB08,Tangerang,"2022-05-23",CUST55654,KLINIK SAHABAT,BRG0005,KLORPROMAZINA TABLET SALUT SELAPUT 100 MG,TABLET,9,5648.3,"203",SLCYL,BRND005,Z31,Klinik
IN6090,TA,CAB09,Bekasi,"2022-05-24",CUST55655,APOTEK SINAR JAYA,BRG0006,KETOCONAZOLE TABLET 200 MG,TABLET,21,2819.2,"205",OGB & PH,BRND006,Z32,Apotek
IN5996,EPM,CAB10,Padang,"2022-05-25",CUST55656,APOTEK SAHABAT,BRG0007,ERGOTAMINE COFFEINE,BOTOL,22,4592.1,"206",ETIKAL,BRND007,Z32,Apotek
IN6111,TD,CAB01,Aceh,"2022-05-26",CUST55657,APOTEK TAPAK,BRG0008,TETRACYCLINE KAPSUL 250 MG,KAPSUL,12,3991.9,"204",MARCKS,BRND008,Z32,Apotek
IN6194,TA,CAB01,Kuningan,"2022-04-18",CUST55658,APOTEK MAJA,BRG0009,AMBROXOL HC,BOTOL,25,5780.7,"207",VNS,BRND009,Z32,Apotek
IN5987,EPM,CAB02,Jakarta,"2022-04-19",CUST55659,KLINIK GM,BRG0010,PARACETAMOL,BOTOL,14,6940.3,"208",SLCYL,BRND010,Z31,Klinik
IN6313,TD,CAB03,Bandung,"2022-04-20",CUST55660,APOTEK MERDEKA,BRG0001,ACYCLOVIR DUS,DUS,24,1169.91,"206",OGB & PH,BRND001,Z32,Apotek
IN6138,TD,CAB01,Tangerang,"2022-04-18",CUST55661,KLINIK SAHABAT,BRG0002,ALERGINE TABLET SALUT,DUS,10,2337.5,"203",ETIKAL,BRND002,Z31,Klinik
IN6316,TA,CAB01,Bekasi,"2022-04-19",CUST55662,APOTEK SINAR JAYA,BRG0003,AMPICILLIN,BOTOL,120,10690.6,"210",MARCKS,BRND003,Z32,Apotek
IN6019,EPM,CAB02,Padang,"2022-04-20",CUST55663,APOTEK SAHABAT,BRG0004,TRAMADOL KAPSUL 50 MG,KAPSUL,12,8700.7,"201",VNS,BRND004,Z32,Apotek
IN6283,TD,CAB03,Lampung,"2022-05-19",CUST55664,KLINIK DR. ANDRI,BRG0005,KLORPROMAZINA TABLET SALUT SELAPUT 100 MG,TABLET,10,5648.3,"203",SLCYL,BRND005,Z31,Klinik
IN6169,TA,CAB04,Aceh,"2022-05-20",CUST55665,APOTEK TAPAK,BRG0006,KETOCONAZOLE TABLET 200 MG,TABLET,67,2819.2,"205",OGB & PH,BRND006,Z32,Apotek
IN6121,EPM,CAB05,Kuningan,"2022-05-21",CUST55666,APOTEK MAJA,BRG0007,ERGOTAMINE COFFEINE,BOTOL,98,4592.1,"206",ETIKAL,BRND007,Z32,Apotek
IN6117,TD,CAB06,Jakarta,"2022-05-22",CUST55667,KLINIK GM,BRG0008,TETRACYCLINE KAPSUL 250 MG,KAPSUL,5,3991.9,"204",MARCKS,BRND008,Z31,Klinik
IN6201,TA,CAB07,Bandung,"2022-05-23",CUST55668,APOTEK MERDEKA,BRG0009,AMBROXOL HC,BOTOL,4,5780.7,"207",VNS,BRND009,Z32,Apotek
IN6179,EPM,CAB08,Tangerang,"2022-05-24",CUST55669,KLINIK SAHABAT,BRG0010,PARACETAMOL,BOTOL,8,6940.3,"208",SLCYL,BRND010,Z31,Klinik
IN5978,TD,CAB09,Bekasi,"2022-05-25",CUST55670,APOTEK SINAR JAYA,BRG0001,ACYCLOVIR DUS,DUS,9,1169.91,"206",OGB & PH,BRND001,Z32,Apotek
IN5993,TD,CAB10,Padang,"2022-05-26",CUST55671,APOTEK SAHABAT,BRG0002,ALERGINE TABLET SALUT,DUS,1,2337.5,"203",ETIKAL,BRND002,Z32,Apotek
IN6160,TA,CAB01,Aceh,"2022-05-27",CUST55672,APOTEK TAPAK,BRG0003,AMPICILLIN,BOTOL,5,10690.6,"210",MARCKS,BRND003,Z32,Apotek
IN6282,EPM,CAB01,Kuningan,"2022-05-28",CUST55673,APOTEK MAJA,BRG0004,TRAMADOL KAPSUL 50 MG,KAPSUL,9,8700.7,"201",VNS,BRND004,Z32,Apotek
IN6093,TD,CAB02,Jakarta,"2022-05-29",CUST55674,KLINIK GM,BRG0005,KLORPROMAZINA TABLET SALUT SELAPUT 100 MG,TABLET,13,5648.3,"203",SLCYL,BRND005,Z31,Klinik
IN6166,TA,CAB03,Bandung,"2022-05-30",CUST55675,APOTEK MERDEKA,BRG0006,KETOCONAZOLE TABLET 200 MG,TABLET,1,2819.2,"205",OGB & PH,BRND006,Z32,Apotek
IN6010,EPM,CAB01,Tangerang,"2022-05-31",CUST55676,KLINIK SAHABAT,BRG0001,ACYCLOVIR DUS,DUS,5,4592.1,"206",ETIKAL,BRND007,Z31,Klinik
IN6100,TD,CAB01,Bekasi,"2022-01-06",CUST55677,APOTEK SINAR JAYA,BRG0002,ALERGINE TABLET SALUT,DUS,9,3991.9,"203",MARCKS,BRND008,Z32,Apotek
IN6222,TD,CAB02,Padang,"2022-02-06",CUST55678,APOTEK SAHABAT,BRG0003,AMPICILLIN,BOTOL,1,5780.7,"210",VNS,BRND009,Z32,Apotek
IN6032,TA,CAB03,Lampung,"2022-03-06",CUST55679,KLINIK DR. ANDRI,BRG0004,TRAMADOL KAPSUL 50 MG,KAPSUL,23,6940.3,"201",SLCYL,BRND010,Z31,Klinik
IN6198,EPM,CAB04,Aceh,"2022-04-06",CUST55680,APOTEK TAPAK,BRG0001,ACYCLOVIR DUS,DUS,4,1169.91,"206",OGB & PH,BRND001,Z32,Apotek
IN6212,TD,CAB05,Kuningan,"2022-05-06",CUST55681,APOTEK MAJA,BRG0002,ALERGINE TABLET SALUT,DUS,2,2337.5,"203",ETIKAL,BRND002,Z32,Apotek
IN6288,TA,CAB06,Jakarta,"2022-06-06",CUST55682,KLINIK GM,BRG0003,AMPICILLIN,BOTOL,17,10690.6,"210",MARCKS,BRND003,Z31,Klinik
IN6059,EPM,CAB07,Bandung,"2022-07-06",CUST55683,APOTEK MERDEKA,BRG0004,TRAMADOL KAPSUL 50 MG,KAPSUL,11,8700.7,"201",VNS,BRND004,Z32,Apotek
IN6236,TD,CAB08,Tangerang,"2022-08-06",CUST55684,KLINIK SAHABAT,BRG0005,KLORPROMAZINA TABLET SALUT SELAPUT 100 MG,TABLET,12,5648.3,"203",SLCYL,BRND005,Z31,Klinik
IN6296,TA,CAB09,Bekasi,"2022-09-06",CUST55685,APOTEK SINAR JAYA,BRG0006,KETOCONAZOLE TABLET 200 MG,TABLET,12,2819.2,"205",OGB & PH,BRND006,Z32,Apotek
IN6324,EPM,CAB10,Padang,"2022-10-06",CUST55686,APOTEK SAHABAT,BRG0007,ERGOTAMINE COFFEINE,BOTOL,25,4592.1,"206",ETIKAL,BRND007,Z32,Apotek
IN6091,TD,CAB01,Aceh,"2022-11-06",CUST55687,APOTEK TAPAK,BRG0008,TETRACYCLINE KAPSUL 250 MG,KAPSUL,14,3991.9,"204",MARCKS,BRND008,Z32,Apotek
IN6033,TD,CAB01,Kuningan,"2022-12-06",CUST55688,APOTEK MAJA,BRG0009,AMBROXOL HC,BOTOL,34,5780.7,"207",VNS,BRND009,Z32,Apotek
IN6159,TA,CAB02,Jakarta,"2022-06-13",CUST55689,KLINIK GM,BRG0010,PARACETAMOL,BOTOL,67,6940.3,"208",SLCYL,BRND010,Z31,Klinik
IN6264,EPM,CAB03,Bandung,"2022-06-14",CUST55690,APOTEK MERDEKA,BRG0001,ACYCLOVIR DUS,DUS,15,1169.91,"206",OGB & PH,BRND001,Z32,Apotek
IN6046,TD,CAB01,Tangerang,"2022-06-15",CUST55691,KLINIK SAHABAT,BRG0002,ALERGINE TABLET SALUT,DUS,12,2337.5,"203",ETIKAL,BRND002,Z31,Klinik
IN6268,TA,CAB01,Bekasi,"2022-06-16",CUST55692,APOTEK SINAR JAYA,BRG0003,AMPICILLIN,BOTOL,25,10690.6,"210",MARCKS,BRND003,Z32,Apotek
IN6310,EPM,CAB02,Padang,"2022-04-30",CUST55693,APOTEK SAHABAT,BRG0004,TRAMADOL KAPSUL 50 MG,KAPSUL,14,8700.7,"201",VNS,BRND004,Z32,Apotek
IN6044,TD,CAB03,Lampung,"2022-01-05",CUST55694,KLINIK DR. ANDRI,BRG0005,KLORPROMAZINA TABLET SALUT SELAPUT 100 MG,TABLET,18,5648.3,"203",SLCYL,BRND005,Z31,Klinik
IN6178,TA,CAB04,Aceh,"2022-02-05",CUST55695,APOTEK TAPAK,BRG0006,KETOCONAZOLE TABLET 200 MG,TABLET,18,2819.2,"205",OGB & PH,BRND006,Z32,Apotek
IN6270,EPM,CAB05,Kuningan,"2022-03-05",CUST55696,APOTEK MAJA,BRG0007,ERGOTAMINE COFFEINE,BOTOL,19,4592.1,"206",ETIKAL,BRND007,Z32,Apotek
IN6123,TD,CAB06,Jakarta,"2022-06-16",CUST55697,KLINIK GM,BRG0008,TETRACYCLINE KAPSUL 250 MG,KAPSUL,12,3991.9,"204",MARCKS,BRND008,Z31,Klinik
IN6265,TD,CAB07,Bandung,"2022-04-30",CUST55698,APOTEK MERDEKA,BRG0009,AMBROXOL HC,BOTOL,25,5780.7,"207",VNS,BRND009,Z32,Apotek
IN6158,TA,CAB08,Tangerang,"2022-01-05",CUST55699,KLINIK SAHABAT,BRG0010,PARACETAMOL,BOTOL,14,6940.3,"208",SLCYL,BRND010,Z31,Klinik
IN6105,EPM,CAB09,Bekasi,"2022-02-05",CUST55700,APOTEK SINAR JAYA,BRG0001,ACYCLOVIR DUS,DUS,21,1169.91,"206",OGB & PH,BRND001,Z32,Apotek
IN6213,TD,CAB10,Padang,"2022-03-05",CUST55701,APOTEK SAHABAT,BRG0002,ALERGINE TABLET SALUT,DUS,22,2337.5,"203",ETIKAL,BRND002,Z32,Apotek
IN6109,TA,CAB01,Aceh,"2022-06-16",CUST55702,APOTEK TAPAK,BRG0003,AMPICILLIN,BOTOL,12,10690.6,"210",MARCKS,BRND003,Z32,Apotek
IN6249,EPM,CAB01,Kuningan,"2022-04-30",CUST55703,APOTEK MAJA,BRG0004,TRAMADOL KAPSUL 50 MG,KAPSUL,25,8700.7,"201",VNS,BRND004,Z32,Apotek
IN6067,TD,CAB02,Jakarta,"2022-01-05",CUST55704,KLINIK GM,BRG0005,KLORPROMAZINA TABLET SALUT SELAPUT 100 MG,TABLET,14,5648.3,"203",SLCYL,BRND005,Z31,Klinik
IN6143,TD,CAB03,Bandung,"2022-02-05",CUST55705,APOTEK MERDEKA,BRG0006,KETOCONAZOLE TABLET 200 MG,TABLET,24,2819.2,"205",OGB & PH,BRND006,Z32,Apotek
IN5990,TA,CAB01,Tangerang,"2022-03-05",CUST55706,KLINIK SAHABAT,BRG0001,ACYCLOVIR DUS,DUS,10,4592.1,"206",ETIKAL,BRND007,Z31,Klinik
IN5992,EPM,CAB01,Bekasi,"2022-06-16",CUST55707,APOTEK SINAR JAYA,BRG0002,ALERGINE TABLET SALUT,DUS,23,3991.9,"203",MARCKS,BRND008,Z32,Apotek
IN6132,TD,CAB02,Padang,"2022-04-30",CUST55708,APOTEK SAHABAT,BRG0003,AMPICILLIN,BOTOL,12,5780.7,"210",VNS,BRND009,Z32,Apotek
IN6030,TA,CAB03,Lampung,"2022-01-05",CUST55709,KLINIK DR. ANDRI,BRG0004,TRAMADOL KAPSUL 50 MG,KAPSUL,10,6940.3,"201",SLCYL,BRND010,Z31,Klinik
IN6094,EPM,CAB04,Aceh,"2022-02-05",CUST55710,APOTEK TAPAK,BRG0001,ACYCLOVIR DUS,DUS,67,1169.91,"206",OGB & PH,BRND001,Z32,Apotek
IN6294,TD,CAB05,Kuningan,"2022-03-05",CUST55711,APOTEK MAJA,BRG0002,ALERGINE TABLET SALUT,DUS,98,2337.5,"203",ETIKAL,BRND002,Z32,Apotek
IN6012,TA,CAB06,Jakarta,"2022-06-16",CUST55712,KLINIK GM,BRG0003,AMPICILLIN,BOTOL,5,10690.6,"210",MARCKS,BRND003,Z31,Klinik
IN6106,EPM,CAB07,Bandung,"2022-04-30",CUST55713,APOTEK MERDEKA,BRG0004,TRAMADOL KAPSUL 50 MG,KAPSUL,4,8700.7,"201",VNS,BRND004,Z32,Apotek
IN5984,TD,CAB08,Tangerang,"2022-01-05",CUST55714,KLINIK SAHABAT,BRG0005,KLORPROMAZINA TABLET SALUT SELAPUT 100 MG,TABLET,8,5648.3,"203",SLCYL,BRND005,Z31,Klinik
IN6007,TD,CAB09,Bekasi,"2022-02-05",CUST55715,APOTEK SINAR JAYA,BRG0006,KETOCONAZOLE TABLET 200 MG,TABLET,9,2819.2,"205",OGB & PH,BRND006,Z32,Apotek
IN6115,TA,CAB10,Padang,"2022-03-05",CUST55716,APOTEK SAHABAT,BRG0007,ERGOTAMINE COFFEINE,BOTOL,10,4592.1,"206",ETIKAL,BRND007,Z32,Apotek
IN6000,EPM,CAB01,Aceh,"2022-06-16",CUST55717,APOTEK TAPAK,BRG0008,TETRACYCLINE KAPSUL 250 MG,KAPSUL,7,3991.9,"204",MARCKS,BRND008,Z32,Apotek
IN6097,TD,CAB01,Kuningan,"2022-04-30",CUST55718,APOTEK MAJA,BRG0009,AMBROXOL HC,BOTOL,100,5780.7,"207",VNS,BRND009,Z32,Apotek
IN5989,TA,CAB02,Jakarta,"2022-01-05",CUST55719,KLINIK GM,BRG0010,PARACETAMOL,BOTOL,67,6940.3,"208",SLCYL,BRND010,Z31,Klinik
IN6151,EPM,CAB03,Bandung,"2022-02-05",CUST55720,APOTEK MERDEKA,BRG0001,ACYCLOVIR DUS,DUS,78,1169.91,"206",OGB & PH,BRND001,Z32,Apotek
IN6037,TD,CAB01,Tangerang,"2022-03-05",CUST55721,KLINIK SAHABAT,BRG0002,ALERGINE TABLET SALUT,DUS,45,2337.5,"203",ETIKAL,BRND002,Z31,Klinik
IN6165,TA,CAB01,Bekasi,"2022-06-16",CUST55722,APOTEK SINAR JAYA,BRG0003,AMPICILLIN,BOTOL,34,10690.6,"210",MARCKS,BRND003,Z32,Apotek
IN6101,EPM,CAB02,Padang,"2022-04-30",CUST55723,APOTEK SAHABAT,BRG0004,TRAMADOL KAPSUL 50 MG,KAPSUL,20,8700.7,"201",VNS,BRND004,Z32,Apotek
IN6142,TD,CAB03,Lampung,"2022-01-05",CUST55724,KLINIK DR. ANDRI,BRG0005,KLORPROMAZINA TABLET SALUT SELAPUT 100 MG,TABLET,45,5648.3,"203",SLCYL,BRND005,Z31,Klinik
IN6312,TD,CAB04,Aceh,"2022-02-05",CUST55725,APOTEK TAPAK,BRG0006,KETOCONAZOLE TABLET 200 MG,TABLET,34,2819.2,"205",OGB & PH,BRND006,Z32,Apotek
IN6112,TA,CAB05,Kuningan,"2022-03-05",CUST55726,APOTEK MAJA,BRG0007,ERGOTAMINE COFFEINE,BOTOL,34,4592.1,"206",ETIKAL,BRND007,Z32,Apotek
IN6204,EPM,CAB06,Jakarta,"2022-06-16",CUST55727,KLINIK GM,BRG0008,TETRACYCLINE KAPSUL 250 MG,KAPSUL,34,3991.9,"204",MARCKS,BRND008,Z31,Klinik
IN6304,TD,CAB07,Bandung,"2022-04-30",CUST55728,APOTEK MERDEKA,BRG0009,AMBROXOL HC,BOTOL,44,5780.7,"207",VNS,BRND009,Z32,Apotek
IN6004,TA,CAB08,Tangerang,"2022-01-05",CUST55729,KLINIK SAHABAT,BRG0010,PARACETAMOL,BOTOL,5,6940.3,"208",SLCYL,BRND010,Z31,Klinik
